config,seed,condition,auroc,n_realizations
cnn_diag_lead,0,missing|k=0|s=0.0|bw=0.0,0.9242882468510094,5
cnn_diag_lead,0,missing|k=1|s=0.0|bw=0.0,0.9214921521323634,5
cnn_diag_lead,0,missing|k=2|s=0.0|bw=0.0,0.9168484832732338,5
cnn_diag_lead,0,missing|k=3|s=0.0|bw=0.0,0.9141549800656241,5
cnn_diag_lead,0,missing|k=4|s=0.0|bw=0.0,0.9076888488358676,5
cnn_diag_lead,0,missing|k=6|s=0.0|bw=0.0,0.8930773190496885,5
cnn_diag_lead,0,missing|k=8|s=0.0|bw=0.0,0.8577464460681696,5
cnn_diag_lead,0,missing|k=10|s=0.0|bw=0.0,0.770684426106229,5
cnn_diag_lead,0,missing|k=12|s=0.0|bw=0.0,0.5004806112807882,5
cnn_diag_lead,0,noise|k=0|s=0.05|bw=0.0,0.9242351915060777,5
cnn_diag_lead,0,noise|k=0|s=0.1|bw=0.0,0.9240381394650246,5
cnn_diag_lead,0,noise|k=0|s=0.15|bw=0.0,0.9236063929734687,5
cnn_diag_lead,0,noise|k=0|s=0.2|bw=0.0,0.92334464224201,5
cnn_diag_lead,0,noise|k=0|s=0.25|bw=0.0,0.9219951415404439,5
cnn_diag_lead,0,noise|k=0|s=0.5|bw=0.0,0.9114858464178417,5
cnn_diag_lead,0,bw|k=0|s=0.0|bw=0.25,0.9243032114481713,5
cnn_diag_lead,0,bw|k=0|s=0.0|bw=0.5,0.924168393722445,5
cnn_diag_lead,0,bw|k=0|s=0.0|bw=1.0,0.9213191448038669,5
cnn_diag_lead,0,joint|k=0|s=0.0|bw=0.0,0.9242882468510094,5
cnn_diag_lead,0,joint|k=0|s=0.1|bw=0.0,0.9239931654563908,5
cnn_diag_lead,0,joint|k=0|s=0.25|bw=0.0,0.9221731125339969,5
cnn_diag_lead,0,joint|k=2|s=0.0|bw=0.0,0.9181531584328886,5
cnn_diag_lead,0,joint|k=2|s=0.1|bw=0.0,0.9172602661566319,5
cnn_diag_lead,0,joint|k=2|s=0.25|bw=0.0,0.9161868180624004,5
cnn_diag_lead,0,joint|k=4|s=0.0|bw=0.0,0.9075004496065734,5
cnn_diag_lead,0,joint|k=4|s=0.1|bw=0.0,0.9090012097218272,5
cnn_diag_lead,0,joint|k=4|s=0.25|bw=0.0,0.9068786586747993,5
cnn_diag_lead,0,joint|k=6|s=0.0|bw=0.0,0.8922170969829389,5
cnn_diag_lead,0,joint|k=6|s=0.1|bw=0.0,0.8917509083535791,5
cnn_diag_lead,0,joint|k=6|s=0.25|bw=0.0,0.8898432148327764,5
cnn_diag_lead,0,joint|k=8|s=0.0|bw=0.0,0.8585538407289558,5
cnn_diag_lead,0,joint|k=8|s=0.1|bw=0.0,0.857675098206113,5
cnn_diag_lead,0,joint|k=8|s=0.25|bw=0.0,0.8548936565571541,5
cnn_diag_lead,1,missing|k=0|s=0.0|bw=0.0,0.9309732109123242,5
cnn_diag_lead,1,missing|k=1|s=0.0|bw=0.0,0.9283368495789649,5
cnn_diag_lead,1,missing|k=2|s=0.0|bw=0.0,0.9235948542993135,5
cnn_diag_lead,1,missing|k=3|s=0.0|bw=0.0,0.9221735610660537,5
cnn_diag_lead,1,missing|k=4|s=0.0|bw=0.0,0.9159549606399903,5
cnn_diag_lead,1,missing|k=6|s=0.0|bw=0.0,0.9039916614804575,5
cnn_diag_lead,1,missing|k=8|s=0.0|bw=0.0,0.8740176515188833,5
cnn_diag_lead,1,missing|k=10|s=0.0|bw=0.0,0.7845470986814445,5
cnn_diag_lead,1,missing|k=12|s=0.0|bw=0.0,0.4994843658489674,5
cnn_diag_lead,1,noise|k=0|s=0.05|bw=0.0,0.930836521540739,5
cnn_diag_lead,1,noise|k=0|s=0.1|bw=0.0,0.9302851974566242,5
cnn_diag_lead,1,noise|k=0|s=0.15|bw=0.0,0.9291581778956353,5
cnn_diag_lead,1,noise|k=0|s=0.2|bw=0.0,0.9282706938259352,5
cnn_diag_lead,1,noise|k=0|s=0.25|bw=0.0,0.9256812142842572,5
cnn_diag_lead,1,noise|k=0|s=0.5|bw=0.0,0.9074197307468033,5
cnn_diag_lead,1,bw|k=0|s=0.0|bw=0.25,0.9309700753713173,5
cnn_diag_lead,1,bw|k=0|s=0.0|bw=0.5,0.9307153286999059,5
cnn_diag_lead,1,bw|k=0|s=0.0|bw=1.0,0.9248215873959362,5
cnn_diag_lead,1,joint|k=0|s=0.0|bw=0.0,0.9309732109123242,5
cnn_diag_lead,1,joint|k=0|s=0.1|bw=0.0,0.9302609028604266,5
cnn_diag_lead,1,joint|k=0|s=0.25|bw=0.0,0.9260638904707175,5
cnn_diag_lead,1,joint|k=2|s=0.0|bw=0.0,0.9251475705653487,5
cnn_diag_lead,1,joint|k=2|s=0.1|bw=0.0,0.9254487103631351,5
cnn_diag_lead,1,joint|k=2|s=0.25|bw=0.0,0.9202561080899299,5
cnn_diag_lead,1,joint|k=4|s=0.0|bw=0.0,0.9171158320660245,5
cnn_diag_lead,1,joint|k=4|s=0.1|bw=0.0,0.9167398161829288,5
cnn_diag_lead,1,joint|k=4|s=0.25|bw=0.0,0.9139338577977887,5
cnn_diag_lead,1,joint|k=6|s=0.0|bw=0.0,0.9019751564745953,5
cnn_diag_lead,1,joint|k=6|s=0.1|bw=0.0,0.902017201878109,5
cnn_diag_lead,1,joint|k=6|s=0.25|bw=0.0,0.8987020837705515,5
cnn_diag_lead,1,joint|k=8|s=0.0|bw=0.0,0.8734766795802166,5
cnn_diag_lead,1,joint|k=8|s=0.1|bw=0.0,0.8725127370117717,5
cnn_diag_lead,1,joint|k=8|s=0.25|bw=0.0,0.8666585890860834,5
cnn_diag_lead,2,missing|k=0|s=0.0|bw=0.0,0.9307978664071648,5
cnn_diag_lead,2,missing|k=1|s=0.0|bw=0.0,0.928648489317179,5
cnn_diag_lead,2,missing|k=2|s=0.0|bw=0.0,0.9238409004174386,5
cnn_diag_lead,2,missing|k=3|s=0.0|bw=0.0,0.9220659744303015,5
cnn_diag_lead,2,missing|k=4|s=0.0|bw=0.0,0.9148681338471581,5
cnn_diag_lead,2,missing|k=6|s=0.0|bw=0.0,0.9037970759361136,5
cnn_diag_lead,2,missing|k=8|s=0.0|bw=0.0,0.8723214082204693,5
cnn_diag_lead,2,missing|k=10|s=0.0|bw=0.0,0.7828288917018458,5
cnn_diag_lead,2,missing|k=12|s=0.0|bw=0.0,0.49748069629906855,5
cnn_diag_lead,2,noise|k=0|s=0.05|bw=0.0,0.9307103688648262,5
cnn_diag_lead,2,noise|k=0|s=0.1|bw=0.0,0.9305390546901737,5
cnn_diag_lead,2,noise|k=0|s=0.15|bw=0.0,0.9300517736397745,5
cnn_diag_lead,2,noise|k=0|s=0.2|bw=0.0,0.9294542548017957,5
cnn_diag_lead,2,noise|k=0|s=0.25|bw=0.0,0.9274907796215439,5
cnn_diag_lead,2,noise|k=0|s=0.5|bw=0.0,0.9105595151233288,5
cnn_diag_lead,2,bw|k=0|s=0.0|bw=0.25,0.9305941744618182,5
cnn_diag_lead,2,bw|k=0|s=0.0|bw=0.5,0.9301123979607178,5
cnn_diag_lead,2,bw|k=0|s=0.0|bw=1.0,0.9249193661477839,5
cnn_diag_lead,2,joint|k=0|s=0.0|bw=0.0,0.9307978664071648,5
cnn_diag_lead,2,joint|k=0|s=0.1|bw=0.0,0.9305323362725189,5
cnn_diag_lead,2,joint|k=0|s=0.25|bw=0.0,0.9276293860489286,5
cnn_diag_lead,2,joint|k=2|s=0.0|bw=0.0,0.9248702440773616,5
cnn_diag_lead,2,joint|k=2|s=0.1|bw=0.0,0.9246303818009325,5
cnn_diag_lead,2,joint|k=2|s=0.25|bw=0.0,0.921371966237692,5
cnn_diag_lead,2,joint|k=4|s=0.0|bw=0.0,0.9163823591135587,5
cnn_diag_lead,2,joint|k=4|s=0.1|bw=0.0,0.9158362438024629,5
cnn_diag_lead,2,joint|k=4|s=0.25|bw=0.0,0.9142115744602967,5
cnn_diag_lead,2,joint|k=6|s=0.0|bw=0.0,0.9015097088023178,5
cnn_diag_lead,2,joint|k=6|s=0.1|bw=0.0,0.9017879216685444,5
cnn_diag_lead,2,joint|k=6|s=0.25|bw=0.0,0.899119988258598,5
cnn_diag_lead,2,joint|k=8|s=0.0|bw=0.0,0.8731291808864233,5
cnn_diag_lead,2,joint|k=8|s=0.1|bw=0.0,0.8734854637892694,5
cnn_diag_lead,2,joint|k=8|s=0.25|bw=0.0,0.8693021542008245,5
cnn_diag_rec,0,missing|k=0|s=0.0|bw=0.0,0.9239882364385344,5
cnn_diag_rec,0,missing|k=1|s=0.0|bw=0.0,0.9221423808262152,5
cnn_diag_rec,0,missing|k=2|s=0.0|bw=0.0,0.9187054706938991,5
cnn_diag_rec,0,missing|k=3|s=0.0|bw=0.0,0.9164445670551157,5
cnn_diag_rec,0,missing|k=4|s=0.0|bw=0.0,0.9112591474854239,5
cnn_diag_rec,0,missing|k=6|s=0.0|bw=0.0,0.8994386301830873,5
cnn_diag_rec,0,missing|k=8|s=0.0|bw=0.0,0.8637718767523257,5
cnn_diag_rec,0,missing|k=10|s=0.0|bw=0.0,0.7542575231125559,5
cnn_diag_rec,0,missing|k=12|s=0.0|bw=0.0,0.5016113580462409,5
cnn_diag_rec,0,noise|k=0|s=0.05|bw=0.0,0.924023486234911,5
cnn_diag_rec,0,noise|k=0|s=0.1|bw=0.0,0.9239533587595117,5
cnn_diag_rec,0,noise|k=0|s=0.15|bw=0.0,0.9238730928835638,5
cnn_diag_rec,0,noise|k=0|s=0.2|bw=0.0,0.923900091707407,5
cnn_diag_rec,0,noise|k=0|s=0.25|bw=0.0,0.9233074007731552,5
cnn_diag_rec,0,noise|k=0|s=0.5|bw=0.0,0.9196161598198083,5
cnn_diag_rec,0,bw|k=0|s=0.0|bw=0.25,0.9238451740038336,5
cnn_diag_rec,0,bw|k=0|s=0.0|bw=0.5,0.9230538041699713,5
cnn_diag_rec,0,bw|k=0|s=0.0|bw=1.0,0.9180392131813919,5
cnn_diag_rec,0,joint|k=0|s=0.0|bw=0.0,0.9239882364385344,5
cnn_diag_rec,0,joint|k=0|s=0.1|bw=0.0,0.9239271422987887,5
cnn_diag_rec,0,joint|k=0|s=0.25|bw=0.0,0.9236432319026171,5
cnn_diag_rec,0,joint|k=2|s=0.0|bw=0.0,0.9199079071987517,5
cnn_diag_rec,0,joint|k=2|s=0.1|bw=0.0,0.9199993551287152,5
cnn_diag_rec,0,joint|k=2|s=0.25|bw=0.0,0.9180892730929212,5
cnn_diag_rec,0,joint|k=4|s=0.0|bw=0.0,0.9116788807888788,5
cnn_diag_rec,0,joint|k=4|s=0.1|bw=0.0,0.9115276017709224,5
cnn_diag_rec,0,joint|k=4|s=0.25|bw=0.0,0.9115354077715073,5
cnn_diag_rec,0,joint|k=6|s=0.0|bw=0.0,0.8963562834587939,5
cnn_diag_rec,0,joint|k=6|s=0.1|bw=0.0,0.8983462563813731,5
cnn_diag_rec,0,joint|k=6|s=0.25|bw=0.0,0.8966384645940326,5
cnn_diag_rec,0,joint|k=8|s=0.0|bw=0.0,0.8634379290222409,5
cnn_diag_rec,0,joint|k=8|s=0.1|bw=0.0,0.8633741955399863,5
cnn_diag_rec,0,joint|k=8|s=0.25|bw=0.0,0.8597707897581868,5
cnn_diag_rec,1,missing|k=0|s=0.0|bw=0.0,0.9252252337691982,5
cnn_diag_rec,1,missing|k=1|s=0.0|bw=0.0,0.923606614399397,5
cnn_diag_rec,1,missing|k=2|s=0.0|bw=0.0,0.9199987924909214,5
cnn_diag_rec,1,missing|k=3|s=0.0|bw=0.0,0.918513409507905,5
cnn_diag_rec,1,missing|k=4|s=0.0|bw=0.0,0.9134785152583623,5
cnn_diag_rec,1,missing|k=6|s=0.0|bw=0.0,0.9023652242111035,5
cnn_diag_rec,1,missing|k=8|s=0.0|bw=0.0,0.867069601177007,5
cnn_diag_rec,1,missing|k=10|s=0.0|bw=0.0,0.7515269763596855,5
cnn_diag_rec,1,missing|k=12|s=0.0|bw=0.0,0.5016113580462409,5
cnn_diag_rec,1,noise|k=0|s=0.05|bw=0.0,0.9251943157248668,5
cnn_diag_rec,1,noise|k=0|s=0.1|bw=0.0,0.9251019818157136,5
cnn_diag_rec,1,noise|k=0|s=0.15|bw=0.0,0.9248692480951892,5
cnn_diag_rec,1,noise|k=0|s=0.2|bw=0.0,0.9246616741984551,5
cnn_diag_rec,1,noise|k=0|s=0.25|bw=0.0,0.9237552941154389,5
cnn_diag_rec,1,noise|k=0|s=0.5|bw=0.0,0.9176203279458208,5
cnn_diag_rec,1,bw|k=0|s=0.0|bw=0.25,0.9252117044883958,5
cnn_diag_rec,1,bw|k=0|s=0.0|bw=0.5,0.9246111587323499,5
cnn_diag_rec,1,bw|k=0|s=0.0|bw=1.0,0.9192772168246245,5
cnn_diag_rec,1,joint|k=0|s=0.0|bw=0.0,0.9252252337691982,5
cnn_diag_rec,1,joint|k=0|s=0.1|bw=0.0,0.9250361035330033,5
cnn_diag_rec,1,joint|k=0|s=0.25|bw=0.0,0.9240619760187345,5
cnn_diag_rec,1,joint|k=2|s=0.0|bw=0.0,0.9206030536607475,5
cnn_diag_rec,1,joint|k=2|s=0.1|bw=0.0,0.9209670145762722,5
cnn_diag_rec,1,joint|k=2|s=0.25|bw=0.0,0.9184522565754669,5
cnn_diag_rec,1,joint|k=4|s=0.0|bw=0.0,0.9138763304136447,5
cnn_diag_rec,1,joint|k=4|s=0.1|bw=0.0,0.9142147826437398,5
cnn_diag_rec,1,joint|k=4|s=0.25|bw=0.0,0.9137905674702193,5
cnn_diag_rec,1,joint|k=6|s=0.0|bw=0.0,0.8999832610995906,5
cnn_diag_rec,1,joint|k=6|s=0.1|bw=0.0,0.9007094564112433,5
cnn_diag_rec,1,joint|k=6|s=0.25|bw=0.0,0.8982030718184084,5
cnn_diag_rec,1,joint|k=8|s=0.0|bw=0.0,0.86751341138462,5
cnn_diag_rec,1,joint|k=8|s=0.1|bw=0.0,0.8668490279305099,5
cnn_diag_rec,1,joint|k=8|s=0.25|bw=0.0,0.8624081233695764,5
cnn_diag_rec,2,missing|k=0|s=0.0|bw=0.0,0.9271311869238593,5
cnn_diag_rec,2,missing|k=1|s=0.0|bw=0.0,0.9254851715747549,5
cnn_diag_rec,2,missing|k=2|s=0.0|bw=0.0,0.9214625385326286,5
cnn_diag_rec,2,missing|k=3|s=0.0|bw=0.0,0.9193877194773326,5
cnn_diag_rec,2,missing|k=4|s=0.0|bw=0.0,0.9138772346779552,5
cnn_diag_rec,2,missing|k=6|s=0.0|bw=0.0,0.901864340959985,5
cnn_diag_rec,2,missing|k=8|s=0.0|bw=0.0,0.8668609196791891,5
cnn_diag_rec,2,missing|k=10|s=0.0|bw=0.0,0.7613662785366413,5
cnn_diag_rec,2,missing|k=12|s=0.0|bw=0.0,0.49634994953361583,5
cnn_diag_rec,2,noise|k=0|s=0.05|bw=0.0,0.9271271723981996,5
cnn_diag_rec,2,noise|k=0|s=0.1|bw=0.0,0.927025853041623,5
cnn_diag_rec,2,noise|k=0|s=0.15|bw=0.0,0.9268323833312555,5
cnn_diag_rec,2,noise|k=0|s=0.2|bw=0.0,0.9266730104019925,5
cnn_diag_rec,2,noise|k=0|s=0.25|bw=0.0,0.9259631511680361,5
cnn_diag_rec,2,noise|k=0|s=0.5|bw=0.0,0.9210683252465502,5
cnn_diag_rec,2,bw|k=0|s=0.0|bw=0.25,0.927102970177047,5
cnn_diag_rec,2,bw|k=0|s=0.0|bw=0.5,0.9264312429882299,5
cnn_diag_rec,2,bw|k=0|s=0.0|bw=1.0,0.9208600881030105,5
cnn_diag_rec,2,joint|k=0|s=0.0|bw=0.0,0.9271311869238593,5
cnn_diag_rec,2,joint|k=0|s=0.1|bw=0.0,0.9269305964939999,5
cnn_diag_rec,2,joint|k=0|s=0.25|bw=0.0,0.9262300290268778,5
cnn_diag_rec,2,joint|k=2|s=0.0|bw=0.0,0.9221636498253357,5
cnn_diag_rec,2,joint|k=2|s=0.1|bw=0.0,0.9220513285115819,5
cnn_diag_rec,2,joint|k=2|s=0.25|bw=0.0,0.9207706312025982,5
cnn_diag_rec,2,joint|k=4|s=0.0|bw=0.0,0.9148845720262837,5
cnn_diag_rec,2,joint|k=4|s=0.1|bw=0.0,0.9146722755652048,5
cnn_diag_rec,2,joint|k=4|s=0.25|bw=0.0,0.9146365390897688,5
cnn_diag_rec,2,joint|k=6|s=0.0|bw=0.0,0.9002425885880454,5
cnn_diag_rec,2,joint|k=6|s=0.1|bw=0.0,0.9004754350334322,5
cnn_diag_rec,2,joint|k=6|s=0.25|bw=0.0,0.8988924388842943,5
cnn_diag_rec,2,joint|k=8|s=0.0|bw=0.0,0.8687512497447258,5
cnn_diag_rec,2,joint|k=8|s=0.1|bw=0.0,0.8683560441233344,5
cnn_diag_rec,2,joint|k=8|s=0.25|bw=0.0,0.8657486548997071,5
cnn_diagonly_aug_gss,0,missing|k=0|s=0.0|bw=0.0,0.9415436737095962,5
cnn_diagonly_aug_gss,0,missing|k=1|s=0.0|bw=0.0,0.9393294798070697,5
cnn_diagonly_aug_gss,0,missing|k=2|s=0.0|bw=0.0,0.937565520354144,5
cnn_diagonly_aug_gss,0,missing|k=3|s=0.0|bw=0.0,0.9349099166055487,5
cnn_diagonly_aug_gss,0,missing|k=4|s=0.0|bw=0.0,0.9310625594931585,5
cnn_diagonly_aug_gss,0,missing|k=6|s=0.0|bw=0.0,0.9200635947496745,5
cnn_diagonly_aug_gss,0,missing|k=8|s=0.0|bw=0.0,0.8927559089268104,5
cnn_diagonly_aug_gss,0,missing|k=10|s=0.0|bw=0.0,0.786523985905074,5
cnn_diagonly_aug_gss,0,missing|k=12|s=0.0|bw=0.0,0.5007914194032823,5
cnn_diagonly_aug_gss,0,noise|k=0|s=0.05|bw=0.0,0.9415085041674148,5
cnn_diagonly_aug_gss,0,noise|k=0|s=0.1|bw=0.0,0.941439387433954,5
cnn_diagonly_aug_gss,0,noise|k=0|s=0.15|bw=0.0,0.9412182641987167,5
cnn_diagonly_aug_gss,0,noise|k=0|s=0.2|bw=0.0,0.9406540992272717,5
cnn_diagonly_aug_gss,0,noise|k=0|s=0.25|bw=0.0,0.940136557738971,5
cnn_diagonly_aug_gss,0,noise|k=0|s=0.5|bw=0.0,0.9322722893108424,5
cnn_diagonly_aug_gss,0,bw|k=0|s=0.0|bw=0.25,0.9414806529264885,5
cnn_diagonly_aug_gss,0,bw|k=0|s=0.0|bw=0.5,0.941007216588085,5
cnn_diagonly_aug_gss,0,bw|k=0|s=0.0|bw=1.0,0.936001003853528,5
cnn_diagonly_aug_gss,0,joint|k=0|s=0.0|bw=0.0,0.9415436737095962,5
cnn_diagonly_aug_gss,0,joint|k=0|s=0.1|bw=0.0,0.9413798389326329,5
cnn_diagonly_aug_gss,0,joint|k=0|s=0.25|bw=0.0,0.9400306316123166,5
cnn_diagonly_aug_gss,0,joint|k=2|s=0.0|bw=0.0,0.9373363408291192,5
cnn_diagonly_aug_gss,0,joint|k=2|s=0.1|bw=0.0,0.9364490452603087,5
cnn_diagonly_aug_gss,0,joint|k=2|s=0.25|bw=0.0,0.9357534390891477,5
cnn_diagonly_aug_gss,0,joint|k=4|s=0.0|bw=0.0,0.9294098331324738,5
cnn_diagonly_aug_gss,0,joint|k=4|s=0.1|bw=0.0,0.9310903044006557,5
cnn_diagonly_aug_gss,0,joint|k=4|s=0.25|bw=0.0,0.9284907239778478,5
cnn_diagonly_aug_gss,0,joint|k=6|s=0.0|bw=0.0,0.9195972468452526,5
cnn_diagonly_aug_gss,0,joint|k=6|s=0.1|bw=0.0,0.9192348605795001,5
cnn_diagonly_aug_gss,0,joint|k=6|s=0.25|bw=0.0,0.918364718629822,5
cnn_diagonly_aug_gss,0,joint|k=8|s=0.0|bw=0.0,0.8933284846472807,5
cnn_diagonly_aug_gss,0,joint|k=8|s=0.1|bw=0.0,0.8927468587369518,5
cnn_diagonly_aug_gss,0,joint|k=8|s=0.25|bw=0.0,0.8911652943008409,5
cnn_diagonly_aug_gss,1,missing|k=0|s=0.0|bw=0.0,0.9424512464627679,5
cnn_diagonly_aug_gss,1,missing|k=1|s=0.0|bw=0.0,0.9399242337421383,5
cnn_diagonly_aug_gss,1,missing|k=2|s=0.0|bw=0.0,0.9369169595122141,5
cnn_diagonly_aug_gss,1,missing|k=3|s=0.0|bw=0.0,0.9343148729631107,5
cnn_diagonly_aug_gss,1,missing|k=4|s=0.0|bw=0.0,0.9300511769885548,5
cnn_diagonly_aug_gss,1,missing|k=6|s=0.0|bw=0.0,0.9176263219939111,5
cnn_diagonly_aug_gss,1,missing|k=8|s=0.0|bw=0.0,0.8928330973048159,5
cnn_diagonly_aug_gss,1,missing|k=10|s=0.0|bw=0.0,0.7963465766876127,5
cnn_diagonly_aug_gss,1,missing|k=12|s=0.0|bw=0.0,0.5001199202639361,5
cnn_diagonly_aug_gss,1,noise|k=0|s=0.05|bw=0.0,0.9424529499199952,5
cnn_diagonly_aug_gss,1,noise|k=0|s=0.1|bw=0.0,0.942406394354089,5
cnn_diagonly_aug_gss,1,noise|k=0|s=0.15|bw=0.0,0.9424298804926525,5
cnn_diagonly_aug_gss,1,noise|k=0|s=0.2|bw=0.0,0.9420269214637089,5
cnn_diagonly_aug_gss,1,noise|k=0|s=0.25|bw=0.0,0.9417080935793072,5
cnn_diagonly_aug_gss,1,noise|k=0|s=0.5|bw=0.0,0.9361515499710744,5
cnn_diagonly_aug_gss,1,bw|k=0|s=0.0|bw=0.25,0.9423240151514536,5
cnn_diagonly_aug_gss,1,bw|k=0|s=0.0|bw=0.5,0.9417168311170168,5
cnn_diagonly_aug_gss,1,bw|k=0|s=0.0|bw=1.0,0.9359713290825832,5
cnn_diagonly_aug_gss,1,joint|k=0|s=0.0|bw=0.0,0.9424512464627679,5
cnn_diagonly_aug_gss,1,joint|k=0|s=0.1|bw=0.0,0.9424439170118413,5
cnn_diagonly_aug_gss,1,joint|k=0|s=0.25|bw=0.0,0.9418391753986427,5
cnn_diagonly_aug_gss,1,joint|k=2|s=0.0|bw=0.0,0.9374324306592093,5
cnn_diagonly_aug_gss,1,joint|k=2|s=0.1|bw=0.0,0.9368557490994164,5
cnn_diagonly_aug_gss,1,joint|k=2|s=0.25|bw=0.0,0.9358630223861881,5
cnn_diagonly_aug_gss,1,joint|k=4|s=0.0|bw=0.0,0.928170874921127,5
cnn_diagonly_aug_gss,1,joint|k=4|s=0.1|bw=0.0,0.930014390356954,5
cnn_diagonly_aug_gss,1,joint|k=4|s=0.25|bw=0.0,0.9287043036869107,5
cnn_diagonly_aug_gss,1,joint|k=6|s=0.0|bw=0.0,0.917390878426558,5
cnn_diagonly_aug_gss,1,joint|k=6|s=0.1|bw=0.0,0.9158205160662337,5
cnn_diagonly_aug_gss,1,joint|k=6|s=0.25|bw=0.0,0.9168572662253514,5
cnn_diagonly_aug_gss,1,joint|k=8|s=0.0|bw=0.0,0.8911190268132918,5
cnn_diagonly_aug_gss,1,joint|k=8|s=0.1|bw=0.0,0.8902307298513105,5
cnn_diagonly_aug_gss,1,joint|k=8|s=0.25|bw=0.0,0.8883557138655795,5
cnn_diagonly_aug_gss,2,missing|k=0|s=0.0|bw=0.0,0.941513588853514,5
cnn_diagonly_aug_gss,2,missing|k=1|s=0.0|bw=0.0,0.9394301801984497,5
cnn_diagonly_aug_gss,2,missing|k=2|s=0.0|bw=0.0,0.9372364384852359,5
cnn_diagonly_aug_gss,2,missing|k=3|s=0.0|bw=0.0,0.9344065467698608,5
cnn_diagonly_aug_gss,2,missing|k=4|s=0.0|bw=0.0,0.930418691376028,5
cnn_diagonly_aug_gss,2,missing|k=6|s=0.0|bw=0.0,0.9187190186478847,5
cnn_diagonly_aug_gss,2,missing|k=8|s=0.0|bw=0.0,0.8929175525647871,5
cnn_diagonly_aug_gss,2,missing|k=10|s=0.0|bw=0.0,0.7957015775447515,5
cnn_diagonly_aug_gss,2,missing|k=12|s=0.0|bw=0.0,0.4923989371281401,5
cnn_diagonly_aug_gss,2,noise|k=0|s=0.05|bw=0.0,0.9415572243265166,5
cnn_diagonly_aug_gss,2,noise|k=0|s=0.1|bw=0.0,0.9415082144512896,5
cnn_diagonly_aug_gss,2,noise|k=0|s=0.15|bw=0.0,0.9412942814906762,5
cnn_diagonly_aug_gss,2,noise|k=0|s=0.2|bw=0.0,0.9408792772392545,5
cnn_diagonly_aug_gss,2,noise|k=0|s=0.25|bw=0.0,0.9401232462658395,5
cnn_diagonly_aug_gss,2,noise|k=0|s=0.5|bw=0.0,0.9295211560605614,5
cnn_diagonly_aug_gss,2,bw|k=0|s=0.0|bw=0.25,0.9415724362576536,5
cnn_diagonly_aug_gss,2,bw|k=0|s=0.0|bw=0.5,0.9414588589554714,5
cnn_diagonly_aug_gss,2,bw|k=0|s=0.0|bw=1.0,0.9367651692150725,5
cnn_diagonly_aug_gss,2,joint|k=0|s=0.0|bw=0.0,0.941513588853514,5
cnn_diagonly_aug_gss,2,joint|k=0|s=0.1|bw=0.0,0.9414801023957716,5
cnn_diagonly_aug_gss,2,joint|k=0|s=0.25|bw=0.0,0.9402899758090845,5
cnn_diagonly_aug_gss,2,joint|k=2|s=0.0|bw=0.0,0.9381316196142595,5
cnn_diagonly_aug_gss,2,joint|k=2|s=0.1|bw=0.0,0.9371566649796501,5
cnn_diagonly_aug_gss,2,joint|k=2|s=0.25|bw=0.0,0.9358708319326695,5
cnn_diagonly_aug_gss,2,joint|k=4|s=0.0|bw=0.0,0.9290462241204631,5
cnn_diagonly_aug_gss,2,joint|k=4|s=0.1|bw=0.0,0.929881882012714,5
cnn_diagonly_aug_gss,2,joint|k=4|s=0.25|bw=0.0,0.9283440625064573,5
cnn_diagonly_aug_gss,2,joint|k=6|s=0.0|bw=0.0,0.9192889883969133,5
cnn_diagonly_aug_gss,2,joint|k=6|s=0.1|bw=0.0,0.9177912362807705,5
cnn_diagonly_aug_gss,2,joint|k=6|s=0.25|bw=0.0,0.9179256504469716,5
cnn_diagonly_aug_gss,2,joint|k=8|s=0.0|bw=0.0,0.8917903467101537,5
cnn_diagonly_aug_gss,2,joint|k=8|s=0.1|bw=0.0,0.8908292151255104,5
cnn_diagonly_aug_gss,2,joint|k=8|s=0.25|bw=0.0,0.8898901572032193,5
cnn_diagonly_aug_matched,0,missing|k=0|s=0.0|bw=0.0,0.9283455432242999,5
cnn_diagonly_aug_matched,0,missing|k=1|s=0.0|bw=0.0,0.9254932459496855,5
cnn_diagonly_aug_matched,0,missing|k=2|s=0.0|bw=0.0,0.9207763625062508,5
cnn_diagonly_aug_matched,0,missing|k=3|s=0.0|bw=0.0,0.9195833120022879,5
cnn_diagonly_aug_matched,0,missing|k=4|s=0.0|bw=0.0,0.9125676270874183,5
cnn_diagonly_aug_matched,0,missing|k=6|s=0.0|bw=0.0,0.8984632489363044,5
cnn_diagonly_aug_matched,0,missing|k=8|s=0.0|bw=0.0,0.8631489043755591,5
cnn_diagonly_aug_matched,0,missing|k=10|s=0.0|bw=0.0,0.758176155141091,5
cnn_diagonly_aug_matched,0,missing|k=12|s=0.0|bw=0.0,0.5003475050324081,5
cnn_diagonly_aug_matched,0,noise|k=0|s=0.05|bw=0.0,0.9283166938803429,5
cnn_diagonly_aug_matched,0,noise|k=0|s=0.1|bw=0.0,0.9282916421717555,5
cnn_diagonly_aug_matched,0,noise|k=0|s=0.15|bw=0.0,0.928109619175211,5
cnn_diagonly_aug_matched,0,noise|k=0|s=0.2|bw=0.0,0.9281432984619222,5
cnn_diagonly_aug_matched,0,noise|k=0|s=0.25|bw=0.0,0.9273390492347182,5
cnn_diagonly_aug_matched,0,noise|k=0|s=0.5|bw=0.0,0.9224580343597557,5
cnn_diagonly_aug_matched,0,bw|k=0|s=0.0|bw=0.25,0.9282307197553263,5
cnn_diagonly_aug_matched,0,bw|k=0|s=0.0|bw=0.5,0.927067842395488,5
cnn_diagonly_aug_matched,0,bw|k=0|s=0.0|bw=1.0,0.9217782562261487,5
cnn_diagonly_aug_matched,0,joint|k=0|s=0.0|bw=0.0,0.9283455432242999,5
cnn_diagonly_aug_matched,0,joint|k=0|s=0.1|bw=0.0,0.9282418175142748,5
cnn_diagonly_aug_matched,0,joint|k=0|s=0.25|bw=0.0,0.9275671698675658,5
cnn_diagonly_aug_matched,0,joint|k=2|s=0.0|bw=0.0,0.922701475708615,5
cnn_diagonly_aug_matched,0,joint|k=2|s=0.1|bw=0.0,0.9218248283210084,5
cnn_diagonly_aug_matched,0,joint|k=2|s=0.25|bw=0.0,0.9217426795087016,5
cnn_diagonly_aug_matched,0,joint|k=4|s=0.0|bw=0.0,0.9124567859794606,5
cnn_diagonly_aug_matched,0,joint|k=4|s=0.1|bw=0.0,0.9132180192951058,5
cnn_diagonly_aug_matched,0,joint|k=4|s=0.25|bw=0.0,0.9127652203135792,5
cnn_diagonly_aug_matched,0,joint|k=6|s=0.0|bw=0.0,0.8980474387212147,5
cnn_diagonly_aug_matched,0,joint|k=6|s=0.1|bw=0.0,0.8967464944804574,5
cnn_diagonly_aug_matched,0,joint|k=6|s=0.25|bw=0.0,0.8961377723073107,5
cnn_diagonly_aug_matched,0,joint|k=8|s=0.0|bw=0.0,0.8636014603861761,5
cnn_diagonly_aug_matched,0,joint|k=8|s=0.1|bw=0.0,0.8625984919822631,5
cnn_diagonly_aug_matched,0,joint|k=8|s=0.25|bw=0.0,0.858724274694566,5
cnn_diagonly_aug_matched,1,missing|k=0|s=0.0|bw=0.0,0.9267097178575566,5
cnn_diagonly_aug_matched,1,missing|k=1|s=0.0|bw=0.0,0.9248450230738753,5
cnn_diagonly_aug_matched,1,missing|k=2|s=0.0|bw=0.0,0.9205977431209558,5
cnn_diagonly_aug_matched,1,missing|k=3|s=0.0|bw=0.0,0.9182341976932612,5
cnn_diagonly_aug_matched,1,missing|k=4|s=0.0|bw=0.0,0.9111588621154739,5
cnn_diagonly_aug_matched,1,missing|k=6|s=0.0|bw=0.0,0.8979782267340026,5
cnn_diagonly_aug_matched,1,missing|k=8|s=0.0|bw=0.0,0.8627044251379925,5
cnn_diagonly_aug_matched,1,missing|k=10|s=0.0|bw=0.0,0.7492167779807282,5
cnn_diagonly_aug_matched,1,missing|k=12|s=0.0|bw=0.0,0.4997645861601086,5
cnn_diagonly_aug_matched,1,noise|k=0|s=0.05|bw=0.0,0.9267195911874628,5
cnn_diagonly_aug_matched,1,noise|k=0|s=0.1|bw=0.0,0.9265448522997192,5
cnn_diagonly_aug_matched,1,noise|k=0|s=0.15|bw=0.0,0.9262222725659284,5
cnn_diagonly_aug_matched,1,noise|k=0|s=0.2|bw=0.0,0.9261784945597744,5
cnn_diagonly_aug_matched,1,noise|k=0|s=0.25|bw=0.0,0.9250522228244874,5
cnn_diagonly_aug_matched,1,noise|k=0|s=0.5|bw=0.0,0.9165100811126315,5
cnn_diagonly_aug_matched,1,bw|k=0|s=0.0|bw=0.25,0.9265344931911279,5
cnn_diagonly_aug_matched,1,bw|k=0|s=0.0|bw=0.5,0.9260914570206868,5
cnn_diagonly_aug_matched,1,bw|k=0|s=0.0|bw=1.0,0.9194464617545,5
cnn_diagonly_aug_matched,1,joint|k=0|s=0.0|bw=0.0,0.9267097178575566,5
cnn_diagonly_aug_matched,1,joint|k=0|s=0.1|bw=0.0,0.9265268794710806,5
cnn_diagonly_aug_matched,1,joint|k=0|s=0.25|bw=0.0,0.9252849029123803,5
cnn_diagonly_aug_matched,1,joint|k=2|s=0.0|bw=0.0,0.9212537471429453,5
cnn_diagonly_aug_matched,1,joint|k=2|s=0.1|bw=0.0,0.9212827414413324,5
cnn_diagonly_aug_matched,1,joint|k=2|s=0.25|bw=0.0,0.9197455300715734,5
cnn_diagonly_aug_matched,1,joint|k=4|s=0.0|bw=0.0,0.9124690529047944,5
cnn_diagonly_aug_matched,1,joint|k=4|s=0.1|bw=0.0,0.9123502736879784,5
cnn_diagonly_aug_matched,1,joint|k=4|s=0.25|bw=0.0,0.9124660669938889,5
cnn_diagonly_aug_matched,1,joint|k=6|s=0.0|bw=0.0,0.8960670378797161,5
cnn_diagonly_aug_matched,1,joint|k=6|s=0.1|bw=0.0,0.895234549561942,5
cnn_diagonly_aug_matched,1,joint|k=6|s=0.25|bw=0.0,0.8943580285519793,5
cnn_diagonly_aug_matched,1,joint|k=8|s=0.0|bw=0.0,0.8621491797005048,5
cnn_diagonly_aug_matched,1,joint|k=8|s=0.1|bw=0.0,0.8610431849161765,5
cnn_diagonly_aug_matched,1,joint|k=8|s=0.25|bw=0.0,0.8565385606509281,5
cnn_diagonly_aug_matched,2,missing|k=0|s=0.0|bw=0.0,0.9288977302821406,5
cnn_diagonly_aug_matched,2,missing|k=1|s=0.0|bw=0.0,0.9266398926375731,5
cnn_diagonly_aug_matched,2,missing|k=2|s=0.0|bw=0.0,0.9214724638433658,5
cnn_diagonly_aug_matched,2,missing|k=3|s=0.0|bw=0.0,0.9193389920308486,5
cnn_diagonly_aug_matched,2,missing|k=4|s=0.0|bw=0.0,0.9120435608948038,5
cnn_diagonly_aug_matched,2,missing|k=6|s=0.0|bw=0.0,0.8984957483476077,5
cnn_diagonly_aug_matched,2,missing|k=8|s=0.0|bw=0.0,0.8620815955705414,5
cnn_diagonly_aug_matched,2,missing|k=10|s=0.0|bw=0.0,0.7663640667479373,5
cnn_diagonly_aug_matched,2,missing|k=12|s=0.0|bw=0.0,0.5016113580462409,5
cnn_diagonly_aug_matched,2,noise|k=0|s=0.05|bw=0.0,0.9288269127140122,5
cnn_diagonly_aug_matched,2,noise|k=0|s=0.1|bw=0.0,0.9287460412588076,5
cnn_diagonly_aug_matched,2,noise|k=0|s=0.15|bw=0.0,0.9284243436668909,5
cnn_diagonly_aug_matched,2,noise|k=0|s=0.2|bw=0.0,0.9281857833688509,5
cnn_diagonly_aug_matched,2,noise|k=0|s=0.25|bw=0.0,0.9273677119196837,5
cnn_diagonly_aug_matched,2,noise|k=0|s=0.5|bw=0.0,0.9193735268028898,5
cnn_diagonly_aug_matched,2,bw|k=0|s=0.0|bw=0.25,0.9287658691171581,5
cnn_diagonly_aug_matched,2,bw|k=0|s=0.0|bw=0.5,0.9279787842033412,5
cnn_diagonly_aug_matched,2,bw|k=0|s=0.0|bw=1.0,0.9236046230774775,5
cnn_diagonly_aug_matched,2,joint|k=0|s=0.0|bw=0.0,0.9288977302821406,5
cnn_diagonly_aug_matched,2,joint|k=0|s=0.1|bw=0.0,0.9287531080995345,5
cnn_diagonly_aug_matched,2,joint|k=0|s=0.25|bw=0.0,0.9275312580671707,5
cnn_diagonly_aug_matched,2,joint|k=2|s=0.0|bw=0.0,0.9232398822666431,5
cnn_diagonly_aug_matched,2,joint|k=2|s=0.1|bw=0.0,0.9228386653499514,5
cnn_diagonly_aug_matched,2,joint|k=2|s=0.25|bw=0.0,0.9205157752888902,5
cnn_diagonly_aug_matched,2,joint|k=4|s=0.0|bw=0.0,0.9126804496818852,5
cnn_diagonly_aug_matched,2,joint|k=4|s=0.1|bw=0.0,0.9131429135882673,5
cnn_diagonly_aug_matched,2,joint|k=4|s=0.25|bw=0.0,0.9120293998230965,5
cnn_diagonly_aug_matched,2,joint|k=6|s=0.0|bw=0.0,0.8956781162362596,5
cnn_diagonly_aug_matched,2,joint|k=6|s=0.1|bw=0.0,0.8964386568430032,5
cnn_diagonly_aug_matched,2,joint|k=6|s=0.25|bw=0.0,0.8948079288317174,5
cnn_diagonly_aug_matched,2,joint|k=8|s=0.0|bw=0.0,0.8640058495425164,5
cnn_diagonly_aug_matched,2,joint|k=8|s=0.1|bw=0.0,0.8626614363873004,5
cnn_diagonly_aug_matched,2,joint|k=8|s=0.25|bw=0.0,0.8598665241871636,5
cnn_diagonly_aug_matched,3,missing|k=0|s=0.0|bw=0.0,0.9274716504259042,5
cnn_diagonly_aug_matched,3,missing|k=1|s=0.0|bw=0.0,0.9245983412419543,5
cnn_diagonly_aug_matched,3,missing|k=2|s=0.0|bw=0.0,0.9194702323951123,5
cnn_diagonly_aug_matched,3,missing|k=3|s=0.0|bw=0.0,0.9178688515229183,5
cnn_diagonly_aug_matched,3,missing|k=4|s=0.0|bw=0.0,0.9100427257872434,5
cnn_diagonly_aug_matched,3,missing|k=6|s=0.0|bw=0.0,0.8964114725421968,5
cnn_diagonly_aug_matched,3,missing|k=8|s=0.0|bw=0.0,0.8628595771081151,5
cnn_diagonly_aug_matched,3,missing|k=10|s=0.0|bw=0.0,0.7688092319671386,5
cnn_diagonly_aug_matched,3,missing|k=12|s=0.0|bw=0.0,0.4981294366984814,5
cnn_diagonly_aug_matched,3,noise|k=0|s=0.05|bw=0.0,0.927443887679304,5
cnn_diagonly_aug_matched,3,noise|k=0|s=0.1|bw=0.0,0.9273553486154655,5
cnn_diagonly_aug_matched,3,noise|k=0|s=0.15|bw=0.0,0.9273480694683032,5
cnn_diagonly_aug_matched,3,noise|k=0|s=0.2|bw=0.0,0.9272902913306815,5
cnn_diagonly_aug_matched,3,noise|k=0|s=0.25|bw=0.0,0.9266907167026256,5
cnn_diagonly_aug_matched,3,noise|k=0|s=0.5|bw=0.0,0.922503437247987,5
cnn_diagonly_aug_matched,3,bw|k=0|s=0.0|bw=0.25,0.9271897032291958,5
cnn_diagonly_aug_matched,3,bw|k=0|s=0.0|bw=0.5,0.9262192692309528,5
cnn_diagonly_aug_matched,3,bw|k=0|s=0.0|bw=1.0,0.9191636935335238,5
cnn_diagonly_aug_matched,3,joint|k=0|s=0.0|bw=0.0,0.9274716504259042,5
cnn_diagonly_aug_matched,3,joint|k=0|s=0.1|bw=0.0,0.9274106959668096,5
cnn_diagonly_aug_matched,3,joint|k=0|s=0.25|bw=0.0,0.9268638803124996,5
cnn_diagonly_aug_matched,3,joint|k=2|s=0.0|bw=0.0,0.9217184183273602,5
cnn_diagonly_aug_matched,3,joint|k=2|s=0.1|bw=0.0,0.9203942169263231,5
cnn_diagonly_aug_matched,3,joint|k=2|s=0.25|bw=0.0,0.9204690271949681,5
cnn_diagonly_aug_matched,3,joint|k=4|s=0.0|bw=0.0,0.9110307147617693,5
cnn_diagonly_aug_matched,3,joint|k=4|s=0.1|bw=0.0,0.9112059194975393,5
cnn_diagonly_aug_matched,3,joint|k=4|s=0.25|bw=0.0,0.9108276630470883,5
cnn_diagonly_aug_matched,3,joint|k=6|s=0.0|bw=0.0,0.8952104621923003,5
cnn_diagonly_aug_matched,3,joint|k=6|s=0.1|bw=0.0,0.895128806379345,5
cnn_diagonly_aug_matched,3,joint|k=6|s=0.25|bw=0.0,0.893806535007962,5
cnn_diagonly_aug_matched,3,joint|k=8|s=0.0|bw=0.0,0.8619415939102083,5
cnn_diagonly_aug_matched,3,joint|k=8|s=0.1|bw=0.0,0.8642481517314039,5
cnn_diagonly_aug_matched,3,joint|k=8|s=0.25|bw=0.0,0.8600395457545849,5
cnn_diagonly_aug_matched,4,missing|k=0|s=0.0|bw=0.0,0.9284735406872248,5
cnn_diagonly_aug_matched,4,missing|k=1|s=0.0|bw=0.0,0.9259739866394228,5
cnn_diagonly_aug_matched,4,missing|k=2|s=0.0|bw=0.0,0.9211981141288019,5
cnn_diagonly_aug_matched,4,missing|k=3|s=0.0|bw=0.0,0.9193959107368233,5
cnn_diagonly_aug_matched,4,missing|k=4|s=0.0|bw=0.0,0.9128841472245718,5
cnn_diagonly_aug_matched,4,missing|k=6|s=0.0|bw=0.0,0.8995193351552258,5
cnn_diagonly_aug_matched,4,missing|k=8|s=0.0|bw=0.0,0.8650667651982265,5
cnn_diagonly_aug_matched,4,missing|k=10|s=0.0|bw=0.0,0.7670466173784126,5
cnn_diagonly_aug_matched,4,missing|k=12|s=0.0|bw=0.0,0.49819672141974836,5
cnn_diagonly_aug_matched,4,noise|k=0|s=0.05|bw=0.0,0.9284525577035895,5
cnn_diagonly_aug_matched,4,noise|k=0|s=0.1|bw=0.0,0.9284852880501842,5
cnn_diagonly_aug_matched,4,noise|k=0|s=0.15|bw=0.0,0.9284388582079932,5
cnn_diagonly_aug_matched,4,noise|k=0|s=0.2|bw=0.0,0.9287343500587836,5
cnn_diagonly_aug_matched,4,noise|k=0|s=0.25|bw=0.0,0.9279847692357137,5
cnn_diagonly_aug_matched,4,noise|k=0|s=0.5|bw=0.0,0.9224397977254171,5
cnn_diagonly_aug_matched,4,bw|k=0|s=0.0|bw=0.25,0.9281497677886529,5
cnn_diagonly_aug_matched,4,bw|k=0|s=0.0|bw=0.5,0.927178948954807,5
cnn_diagonly_aug_matched,4,bw|k=0|s=0.0|bw=1.0,0.9210173229425456,5
cnn_diagonly_aug_matched,4,joint|k=0|s=0.0|bw=0.0,0.9284735406872248,5
cnn_diagonly_aug_matched,4,joint|k=0|s=0.1|bw=0.0,0.9285228993054873,5
cnn_diagonly_aug_matched,4,joint|k=0|s=0.25|bw=0.0,0.9282209982163401,5
cnn_diagonly_aug_matched,4,joint|k=2|s=0.0|bw=0.0,0.9228717988176507,5
cnn_diagonly_aug_matched,4,joint|k=2|s=0.1|bw=0.0,0.9227815572975663,5
cnn_diagonly_aug_matched,4,joint|k=2|s=0.25|bw=0.0,0.9226251378519896,5
cnn_diagonly_aug_matched,4,joint|k=4|s=0.0|bw=0.0,0.9130989896814977,5
cnn_diagonly_aug_matched,4,joint|k=4|s=0.1|bw=0.0,0.9142614291351714,5
cnn_diagonly_aug_matched,4,joint|k=4|s=0.25|bw=0.0,0.9142528183284571,5
cnn_diagonly_aug_matched,4,joint|k=6|s=0.0|bw=0.0,0.897293222036837,5
cnn_diagonly_aug_matched,4,joint|k=6|s=0.1|bw=0.0,0.8968620753483529,5
cnn_diagonly_aug_matched,4,joint|k=6|s=0.25|bw=0.0,0.8968669580640374,5
cnn_diagonly_aug_matched,4,joint|k=8|s=0.0|bw=0.0,0.8658000557083394,5
cnn_diagonly_aug_matched,4,joint|k=8|s=0.1|bw=0.0,0.866712950721866,5
cnn_diagonly_aug_matched,4,joint|k=8|s=0.25|bw=0.0,0.8632387592074059,5
cnn_diagonly_aug,0,missing|k=0|s=0.0|bw=0.0,0.9286914327946445,5
cnn_diagonly_aug,0,missing|k=1|s=0.0|bw=0.0,0.9268445128576618,5
cnn_diagonly_aug,0,missing|k=2|s=0.0|bw=0.0,0.9231610821678642,5
cnn_diagonly_aug,0,missing|k=3|s=0.0|bw=0.0,0.9210283353717102,5
cnn_diagonly_aug,0,missing|k=4|s=0.0|bw=0.0,0.9151975758955586,5
cnn_diagonly_aug,0,missing|k=6|s=0.0|bw=0.0,0.9044741208557637,5
cnn_diagonly_aug,0,missing|k=8|s=0.0|bw=0.0,0.874289385756008,5
cnn_diagonly_aug,0,missing|k=10|s=0.0|bw=0.0,0.7883544215689104,5
cnn_diagonly_aug,0,missing|k=12|s=0.0|bw=0.0,0.4981757063638847,5
cnn_diagonly_aug,0,noise|k=0|s=0.05|bw=0.0,0.9286302545989891,5
cnn_diagonly_aug,0,noise|k=0|s=0.1|bw=0.0,0.9282925422229246,5
cnn_diagonly_aug,0,noise|k=0|s=0.15|bw=0.0,0.9279956954252278,5
cnn_diagonly_aug,0,noise|k=0|s=0.2|bw=0.0,0.9275761923739324,5
cnn_diagonly_aug,0,noise|k=0|s=0.25|bw=0.0,0.9263487799580556,5
cnn_diagonly_aug,0,noise|k=0|s=0.5|bw=0.0,0.9148838199453456,5
cnn_diagonly_aug,0,bw|k=0|s=0.0|bw=0.25,0.9288590786303297,5
cnn_diagonly_aug,0,bw|k=0|s=0.0|bw=0.5,0.9283651614222673,5
cnn_diagonly_aug,0,bw|k=0|s=0.0|bw=1.0,0.9231988713703856,5
cnn_diagonly_aug,0,joint|k=0|s=0.0|bw=0.0,0.9286914327946445,5
cnn_diagonly_aug,0,joint|k=0|s=0.1|bw=0.0,0.9283276794457915,5
cnn_diagonly_aug,0,joint|k=0|s=0.25|bw=0.0,0.9265561202166701,5
cnn_diagonly_aug,0,joint|k=2|s=0.0|bw=0.0,0.9242141321880899,5
cnn_diagonly_aug,0,joint|k=2|s=0.1|bw=0.0,0.9238078342510633,5
cnn_diagonly_aug,0,joint|k=2|s=0.25|bw=0.0,0.9220446765758673,5
cnn_diagonly_aug,0,joint|k=4|s=0.0|bw=0.0,0.9159394678325843,5
cnn_diagonly_aug,0,joint|k=4|s=0.1|bw=0.0,0.9162096906860737,5
cnn_diagonly_aug,0,joint|k=4|s=0.25|bw=0.0,0.9141969597980688,5
cnn_diagonly_aug,0,joint|k=6|s=0.0|bw=0.0,0.904249510482978,5
cnn_diagonly_aug,0,joint|k=6|s=0.1|bw=0.0,0.9030866164815903,5
cnn_diagonly_aug,0,joint|k=6|s=0.25|bw=0.0,0.8998660846273712,5
cnn_diagonly_aug,0,joint|k=8|s=0.0|bw=0.0,0.8748119406869167,5
cnn_diagonly_aug,0,joint|k=8|s=0.1|bw=0.0,0.8744232719350868,5
cnn_diagonly_aug,0,joint|k=8|s=0.25|bw=0.0,0.8696352736683636,5
cnn_diagonly_aug,1,missing|k=0|s=0.0|bw=0.0,0.928615418998757,5
cnn_diagonly_aug,1,missing|k=1|s=0.0|bw=0.0,0.9263563979788272,5
cnn_diagonly_aug,1,missing|k=2|s=0.0|bw=0.0,0.9221098095611182,5
cnn_diagonly_aug,1,missing|k=3|s=0.0|bw=0.0,0.9206570757643966,5
cnn_diagonly_aug,1,missing|k=4|s=0.0|bw=0.0,0.9134469202878817,5
cnn_diagonly_aug,1,missing|k=6|s=0.0|bw=0.0,0.8997663134201833,5
cnn_diagonly_aug,1,missing|k=8|s=0.0|bw=0.0,0.866393477376478,5
cnn_diagonly_aug,1,missing|k=10|s=0.0|bw=0.0,0.7650167748650375,5
cnn_diagonly_aug,1,missing|k=12|s=0.0|bw=0.0,0.5,5
cnn_diagonly_aug,1,noise|k=0|s=0.05|bw=0.0,0.9285905099565539,5
cnn_diagonly_aug,1,noise|k=0|s=0.1|bw=0.0,0.9284176060571756,5
cnn_diagonly_aug,1,noise|k=0|s=0.15|bw=0.0,0.9283030095581287,5
cnn_diagonly_aug,1,noise|k=0|s=0.2|bw=0.0,0.9282129142981322,5
cnn_diagonly_aug,1,noise|k=0|s=0.25|bw=0.0,0.9273165437370441,5
cnn_diagonly_aug,1,noise|k=0|s=0.5|bw=0.0,0.9212837143210623,5
cnn_diagonly_aug,1,bw|k=0|s=0.0|bw=0.25,0.9285968440584031,5
cnn_diagonly_aug,1,bw|k=0|s=0.0|bw=0.5,0.928109117651125,5
cnn_diagonly_aug,1,bw|k=0|s=0.0|bw=1.0,0.9228629861664116,5
cnn_diagonly_aug,1,joint|k=0|s=0.0|bw=0.0,0.928615418998757,5
cnn_diagonly_aug,1,joint|k=0|s=0.1|bw=0.0,0.928448424635295,5
cnn_diagonly_aug,1,joint|k=0|s=0.25|bw=0.0,0.927516652748472,5
cnn_diagonly_aug,1,joint|k=2|s=0.0|bw=0.0,0.9240570324347009,5
cnn_diagonly_aug,1,joint|k=2|s=0.1|bw=0.0,0.923769735445909,5
cnn_diagonly_aug,1,joint|k=2|s=0.25|bw=0.0,0.9220549253707981,5
cnn_diagonly_aug,1,joint|k=4|s=0.0|bw=0.0,0.914938691858822,5
cnn_diagonly_aug,1,joint|k=4|s=0.1|bw=0.0,0.9155132470777863,5
cnn_diagonly_aug,1,joint|k=4|s=0.25|bw=0.0,0.9142321784205899,5
cnn_diagonly_aug,1,joint|k=6|s=0.0|bw=0.0,0.900260863613747,5
cnn_diagonly_aug,1,joint|k=6|s=0.1|bw=0.0,0.8999264977224122,5
cnn_diagonly_aug,1,joint|k=6|s=0.25|bw=0.0,0.898151101731455,5
cnn_diagonly_aug,1,joint|k=8|s=0.0|bw=0.0,0.8662988037871122,5
cnn_diagonly_aug,1,joint|k=8|s=0.1|bw=0.0,0.8662699473224837,5
cnn_diagonly_aug,1,joint|k=8|s=0.25|bw=0.0,0.8634434481350739,5
cnn_diagonly_aug,2,missing|k=0|s=0.0|bw=0.0,0.9292689740849998,5
cnn_diagonly_aug,2,missing|k=1|s=0.0|bw=0.0,0.9273293613412952,5
cnn_diagonly_aug,2,missing|k=2|s=0.0|bw=0.0,0.9227517127401157,5
cnn_diagonly_aug,2,missing|k=3|s=0.0|bw=0.0,0.9213170160369794,5
cnn_diagonly_aug,2,missing|k=4|s=0.0|bw=0.0,0.9144875510951946,5
cnn_diagonly_aug,2,missing|k=6|s=0.0|bw=0.0,0.9026081552289901,5
cnn_diagonly_aug,2,missing|k=8|s=0.0|bw=0.0,0.8702400032569985,5
cnn_diagonly_aug,2,missing|k=10|s=0.0|bw=0.0,0.7794315201964832,5
cnn_diagonly_aug,2,missing|k=12|s=0.0|bw=0.0,0.49748069629906855,5
cnn_diagonly_aug,2,noise|k=0|s=0.05|bw=0.0,0.9291703592375216,5
cnn_diagonly_aug,2,noise|k=0|s=0.1|bw=0.0,0.9290479682438875,5
cnn_diagonly_aug,2,noise|k=0|s=0.15|bw=0.0,0.9287477280641138,5
cnn_diagonly_aug,2,noise|k=0|s=0.2|bw=0.0,0.9285869409133637,5
cnn_diagonly_aug,2,noise|k=0|s=0.25|bw=0.0,0.9271474359771188,5
cnn_diagonly_aug,2,noise|k=0|s=0.5|bw=0.0,0.9174073044804996,5
cnn_diagonly_aug,2,bw|k=0|s=0.0|bw=0.25,0.9290854884335993,5
cnn_diagonly_aug,2,bw|k=0|s=0.0|bw=0.5,0.9284929862301752,5
cnn_diagonly_aug,2,bw|k=0|s=0.0|bw=1.0,0.9218061853764838,5
cnn_diagonly_aug,2,joint|k=0|s=0.0|bw=0.0,0.9292689740849998,5
cnn_diagonly_aug,2,joint|k=0|s=0.1|bw=0.0,0.9290300982464208,5
cnn_diagonly_aug,2,joint|k=0|s=0.25|bw=0.0,0.9275243873528025,5
cnn_diagonly_aug,2,joint|k=2|s=0.0|bw=0.0,0.9243330329302042,5
cnn_diagonly_aug,2,joint|k=2|s=0.1|bw=0.0,0.923519098414511,5
cnn_diagonly_aug,2,joint|k=2|s=0.25|bw=0.0,0.9217653491411271,5
cnn_diagonly_aug,2,joint|k=4|s=0.0|bw=0.0,0.9153739441458357,5
cnn_diagonly_aug,2,joint|k=4|s=0.1|bw=0.0,0.9165299739329578,5
cnn_diagonly_aug,2,joint|k=4|s=0.25|bw=0.0,0.9146875574306271,5
cnn_diagonly_aug,2,joint|k=6|s=0.0|bw=0.0,0.9012936600095326,5
cnn_diagonly_aug,2,joint|k=6|s=0.1|bw=0.0,0.9009993869209636,5
cnn_diagonly_aug,2,joint|k=6|s=0.25|bw=0.0,0.8993772304272388,5
cnn_diagonly_aug,2,joint|k=8|s=0.0|bw=0.0,0.8712585758941527,5
cnn_diagonly_aug,2,joint|k=8|s=0.1|bw=0.0,0.8712189930413594,5
cnn_diagonly_aug,2,joint|k=8|s=0.25|bw=0.0,0.8692438772655056,5
cnn_diagonly_aug,3,missing|k=0|s=0.0|bw=0.0,0.9284467411562556,5
cnn_diagonly_aug,3,missing|k=1|s=0.0|bw=0.0,0.9263055861276476,5
cnn_diagonly_aug,3,missing|k=2|s=0.0|bw=0.0,0.9224758825837226,5
cnn_diagonly_aug,3,missing|k=3|s=0.0|bw=0.0,0.9205189545896466,5
cnn_diagonly_aug,3,missing|k=4|s=0.0|bw=0.0,0.9151273196378525,5
cnn_diagonly_aug,3,missing|k=6|s=0.0|bw=0.0,0.901004614725534,5
cnn_diagonly_aug,3,missing|k=8|s=0.0|bw=0.0,0.8666730035901924,5
cnn_diagonly_aug,3,missing|k=10|s=0.0|bw=0.0,0.7692979093523722,5
cnn_diagonly_aug,3,missing|k=12|s=0.0|bw=0.0,0.5018915783573822,5
cnn_diagonly_aug,3,noise|k=0|s=0.05|bw=0.0,0.9284444297036899,5
cnn_diagonly_aug,3,noise|k=0|s=0.1|bw=0.0,0.9283679896848751,5
cnn_diagonly_aug,3,noise|k=0|s=0.15|bw=0.0,0.9282394382436167,5
cnn_diagonly_aug,3,noise|k=0|s=0.2|bw=0.0,0.9282327699371595,5
cnn_diagonly_aug,3,noise|k=0|s=0.25|bw=0.0,0.927209066523511,5
cnn_diagonly_aug,3,noise|k=0|s=0.5|bw=0.0,0.9211342597596829,5
cnn_diagonly_aug,3,bw|k=0|s=0.0|bw=0.25,0.9284906593781468,5
cnn_diagonly_aug,3,bw|k=0|s=0.0|bw=0.5,0.9279516487739375,5
cnn_diagonly_aug,3,bw|k=0|s=0.0|bw=1.0,0.9218106218752805,5
cnn_diagonly_aug,3,joint|k=0|s=0.0|bw=0.0,0.9284467411562556,5
cnn_diagonly_aug,3,joint|k=0|s=0.1|bw=0.0,0.9283108676323373,5
cnn_diagonly_aug,3,joint|k=0|s=0.25|bw=0.0,0.9275910347864228,5
cnn_diagonly_aug,3,joint|k=2|s=0.0|bw=0.0,0.9237887743911324,5
cnn_diagonly_aug,3,joint|k=2|s=0.1|bw=0.0,0.9232638948282343,5
cnn_diagonly_aug,3,joint|k=2|s=0.25|bw=0.0,0.9218420299013473,5
cnn_diagonly_aug,3,joint|k=4|s=0.0|bw=0.0,0.914732265521954,5
cnn_diagonly_aug,3,joint|k=4|s=0.1|bw=0.0,0.9152834359634608,5
cnn_diagonly_aug,3,joint|k=4|s=0.25|bw=0.0,0.9143337941702857,5
cnn_diagonly_aug,3,joint|k=6|s=0.0|bw=0.0,0.8987838856456009,5
cnn_diagonly_aug,3,joint|k=6|s=0.1|bw=0.0,0.9001124859884262,5
cnn_diagonly_aug,3,joint|k=6|s=0.25|bw=0.0,0.8975196201161282,5
cnn_diagonly_aug,3,joint|k=8|s=0.0|bw=0.0,0.866738942866861,5
cnn_diagonly_aug,3,joint|k=8|s=0.1|bw=0.0,0.8656241418530225,5
cnn_diagonly_aug,3,joint|k=8|s=0.25|bw=0.0,0.8628736848305255,5
cnn_diagonly_aug,4,missing|k=0|s=0.0|bw=0.0,0.9276887426125974,5
cnn_diagonly_aug,4,missing|k=1|s=0.0|bw=0.0,0.9253549418245719,5
cnn_diagonly_aug,4,missing|k=2|s=0.0|bw=0.0,0.9207315331096122,5
cnn_diagonly_aug,4,missing|k=3|s=0.0|bw=0.0,0.9190339514904734,5
cnn_diagonly_aug,4,missing|k=4|s=0.0|bw=0.0,0.912442221569513,5
cnn_diagonly_aug,4,missing|k=6|s=0.0|bw=0.0,0.9005121079747447,5
cnn_diagonly_aug,4,missing|k=8|s=0.0|bw=0.0,0.8684261914389833,5
cnn_diagonly_aug,4,missing|k=10|s=0.0|bw=0.0,0.7596335837775697,5
cnn_diagonly_aug,4,missing|k=12|s=0.0|bw=0.0,0.5021269921972735,5
cnn_diagonly_aug,4,noise|k=0|s=0.05|bw=0.0,0.9276317413973938,5
cnn_diagonly_aug,4,noise|k=0|s=0.1|bw=0.0,0.9273947274654383,5
cnn_diagonly_aug,4,noise|k=0|s=0.15|bw=0.0,0.9272361177773505,5
cnn_diagonly_aug,4,noise|k=0|s=0.2|bw=0.0,0.9269481754278418,5
cnn_diagonly_aug,4,noise|k=0|s=0.25|bw=0.0,0.9258166695311278,5
cnn_diagonly_aug,4,noise|k=0|s=0.5|bw=0.0,0.9158484989763901,5
cnn_diagonly_aug,4,bw|k=0|s=0.0|bw=0.25,0.9275341807594042,5
cnn_diagonly_aug,4,bw|k=0|s=0.0|bw=0.5,0.9261224109254009,5
cnn_diagonly_aug,4,bw|k=0|s=0.0|bw=1.0,0.9201823935034819,5
cnn_diagonly_aug,4,joint|k=0|s=0.0|bw=0.0,0.9276887426125974,5
cnn_diagonly_aug,4,joint|k=0|s=0.1|bw=0.0,0.9274512521560613,5
cnn_diagonly_aug,4,joint|k=0|s=0.25|bw=0.0,0.925868260873848,5
cnn_diagonly_aug,4,joint|k=2|s=0.0|bw=0.0,0.9224269146593462,5
cnn_diagonly_aug,4,joint|k=2|s=0.1|bw=0.0,0.9218092484211008,5
cnn_diagonly_aug,4,joint|k=2|s=0.25|bw=0.0,0.920194861124201,5
cnn_diagonly_aug,4,joint|k=4|s=0.0|bw=0.0,0.912895383513543,5
cnn_diagonly_aug,4,joint|k=4|s=0.1|bw=0.0,0.913531244090643,5
cnn_diagonly_aug,4,joint|k=4|s=0.25|bw=0.0,0.9120407232895709,5
cnn_diagonly_aug,4,joint|k=6|s=0.0|bw=0.0,0.8989220395613067,5
cnn_diagonly_aug,4,joint|k=6|s=0.1|bw=0.0,0.899377581654939,5
cnn_diagonly_aug,4,joint|k=6|s=0.25|bw=0.0,0.8978286704108523,5
cnn_diagonly_aug,4,joint|k=8|s=0.0|bw=0.0,0.8682258310563331,5
cnn_diagonly_aug,4,joint|k=8|s=0.1|bw=0.0,0.868425963607281,5
cnn_diagonly_aug,4,joint|k=8|s=0.25|bw=0.0,0.8667346933618971,5
cnn_diagonly_clean,0,missing|k=0|s=0.0|bw=0.0,0.9276537427384334,5
cnn_diagonly_clean,0,missing|k=1|s=0.0|bw=0.0,0.9181109643010268,5
cnn_diagonly_clean,0,missing|k=2|s=0.0|bw=0.0,0.9031541559812899,5
cnn_diagonly_clean,0,missing|k=3|s=0.0|bw=0.0,0.8902453004977943,5
cnn_diagonly_clean,0,missing|k=4|s=0.0|bw=0.0,0.8655948577194119,5
cnn_diagonly_clean,0,missing|k=6|s=0.0|bw=0.0,0.8068618351982515,5
cnn_diagonly_clean,0,missing|k=8|s=0.0|bw=0.0,0.709095756725117,5
cnn_diagonly_clean,0,missing|k=10|s=0.0|bw=0.0,0.5739944987600233,5
cnn_diagonly_clean,0,missing|k=12|s=0.0|bw=0.0,0.49988790880748335,5
cnn_diagonly_clean,0,noise|k=0|s=0.05|bw=0.0,0.9275667845183426,5
cnn_diagonly_clean,0,noise|k=0|s=0.1|bw=0.0,0.9275126751158285,5
cnn_diagonly_clean,0,noise|k=0|s=0.15|bw=0.0,0.9273668151793858,5
cnn_diagonly_clean,0,noise|k=0|s=0.2|bw=0.0,0.9272694295056466,5
cnn_diagonly_clean,0,noise|k=0|s=0.25|bw=0.0,0.9263763419670887,5
cnn_diagonly_clean,0,noise|k=0|s=0.5|bw=0.0,0.9200601032209355,5
cnn_diagonly_clean,0,bw|k=0|s=0.0|bw=0.25,0.9275242910912009,5
cnn_diagonly_clean,0,bw|k=0|s=0.0|bw=0.5,0.9264989514191256,5
cnn_diagonly_clean,0,bw|k=0|s=0.0|bw=1.0,0.9170647872537374,5
cnn_diagonly_clean,0,joint|k=0|s=0.0|bw=0.0,0.9276537427384334,5
cnn_diagonly_clean,0,joint|k=0|s=0.1|bw=0.0,0.9274651190654832,5
cnn_diagonly_clean,0,joint|k=0|s=0.25|bw=0.0,0.9265116624663756,5
cnn_diagonly_clean,0,joint|k=2|s=0.0|bw=0.0,0.9052391178569407,5
cnn_diagonly_clean,0,joint|k=2|s=0.1|bw=0.0,0.9055291668969083,5
cnn_diagonly_clean,0,joint|k=2|s=0.25|bw=0.0,0.9030004011723898,5
cnn_diagonly_clean,0,joint|k=4|s=0.0|bw=0.0,0.8647291549171122,5
cnn_diagonly_clean,0,joint|k=4|s=0.1|bw=0.0,0.866744268295071,5
cnn_diagonly_clean,0,joint|k=4|s=0.25|bw=0.0,0.8665941690783141,5
cnn_diagonly_clean,0,joint|k=6|s=0.0|bw=0.0,0.8070873695199074,5
cnn_diagonly_clean,0,joint|k=6|s=0.1|bw=0.0,0.8039076315335401,5
cnn_diagonly_clean,0,joint|k=6|s=0.25|bw=0.0,0.8004127158229934,5
cnn_diagonly_clean,0,joint|k=8|s=0.0|bw=0.0,0.7144541529667072,5
cnn_diagonly_clean,0,joint|k=8|s=0.1|bw=0.0,0.7085651627238179,5
cnn_diagonly_clean,0,joint|k=8|s=0.25|bw=0.0,0.7092016623144428,5
cnn_diagonly_clean,1,missing|k=0|s=0.0|bw=0.0,0.9248638030100127,5
cnn_diagonly_clean,1,missing|k=1|s=0.0|bw=0.0,0.9152292109876073,5
cnn_diagonly_clean,1,missing|k=2|s=0.0|bw=0.0,0.8994654705509367,5
cnn_diagonly_clean,1,missing|k=3|s=0.0|bw=0.0,0.8873158755806356,5
cnn_diagonly_clean,1,missing|k=4|s=0.0|bw=0.0,0.8634443109003751,5
cnn_diagonly_clean,1,missing|k=6|s=0.0|bw=0.0,0.8095939225761081,5
cnn_diagonly_clean,1,missing|k=8|s=0.0|bw=0.0,0.7165532788483248,5
cnn_diagonly_clean,1,missing|k=10|s=0.0|bw=0.0,0.5745942013113196,5
cnn_diagonly_clean,1,missing|k=12|s=0.0|bw=0.0,0.5001120911925167,5
cnn_diagonly_clean,1,noise|k=0|s=0.05|bw=0.0,0.9247886936214289,5
cnn_diagonly_clean,1,noise|k=0|s=0.1|bw=0.0,0.9246210203592765,5
cnn_diagonly_clean,1,noise|k=0|s=0.15|bw=0.0,0.9244399090863242,5
cnn_diagonly_clean,1,noise|k=0|s=0.2|bw=0.0,0.9243157938780225,5
cnn_diagonly_clean,1,noise|k=0|s=0.25|bw=0.0,0.9230683990816951,5
cnn_diagonly_clean,1,noise|k=0|s=0.5|bw=0.0,0.914393322492273,5
cnn_diagonly_clean,1,bw|k=0|s=0.0|bw=0.25,0.9246190713260324,5
cnn_diagonly_clean,1,bw|k=0|s=0.0|bw=0.5,0.9239273696408663,5
cnn_diagonly_clean,1,bw|k=0|s=0.0|bw=1.0,0.9168047295333114,5
cnn_diagonly_clean,1,joint|k=0|s=0.0|bw=0.0,0.9248638030100127,5
cnn_diagonly_clean,1,joint|k=0|s=0.1|bw=0.0,0.9246495398536891,5
cnn_diagonly_clean,1,joint|k=0|s=0.25|bw=0.0,0.9232466618640813,5
cnn_diagonly_clean,1,joint|k=2|s=0.0|bw=0.0,0.9016268345972334,5
cnn_diagonly_clean,1,joint|k=2|s=0.1|bw=0.0,0.9006401348391153,5
cnn_diagonly_clean,1,joint|k=2|s=0.25|bw=0.0,0.899058041869164,5
cnn_diagonly_clean,1,joint|k=4|s=0.0|bw=0.0,0.8630556745832587,5
cnn_diagonly_clean,1,joint|k=4|s=0.1|bw=0.0,0.8649548965144778,5
cnn_diagonly_clean,1,joint|k=4|s=0.25|bw=0.0,0.8654642507174669,5
cnn_diagonly_clean,1,joint|k=6|s=0.0|bw=0.0,0.808716247713219,5
cnn_diagonly_clean,1,joint|k=6|s=0.1|bw=0.0,0.8085639767055085,5
cnn_diagonly_clean,1,joint|k=6|s=0.25|bw=0.0,0.8037420189123505,5
cnn_diagonly_clean,1,joint|k=8|s=0.0|bw=0.0,0.7194957765451304,5
cnn_diagonly_clean,1,joint|k=8|s=0.1|bw=0.0,0.7164403102119813,5
cnn_diagonly_clean,1,joint|k=8|s=0.25|bw=0.0,0.7146200377342581,5
cnn_diagonly_clean,2,missing|k=0|s=0.0|bw=0.0,0.9259436256671062,5
cnn_diagonly_clean,2,missing|k=1|s=0.0|bw=0.0,0.9156742065694102,5
cnn_diagonly_clean,2,missing|k=2|s=0.0|bw=0.0,0.8975210651606857,5
cnn_diagonly_clean,2,missing|k=3|s=0.0|bw=0.0,0.8834757739898504,5
cnn_diagonly_clean,2,missing|k=4|s=0.0|bw=0.0,0.8586582891011698,5
cnn_diagonly_clean,2,missing|k=6|s=0.0|bw=0.0,0.7978985306011747,5
cnn_diagonly_clean,2,missing|k=8|s=0.0|bw=0.0,0.6990954456651459,5
cnn_diagonly_clean,2,missing|k=10|s=0.0|bw=0.0,0.5555362751539044,5
cnn_diagonly_clean,2,missing|k=12|s=0.0|bw=0.0,0.5004035429585161,5
cnn_diagonly_clean,2,noise|k=0|s=0.05|bw=0.0,0.9258633058262695,5
cnn_diagonly_clean,2,noise|k=0|s=0.1|bw=0.0,0.9256935091266613,5
cnn_diagonly_clean,2,noise|k=0|s=0.15|bw=0.0,0.925248311114118,5
cnn_diagonly_clean,2,noise|k=0|s=0.2|bw=0.0,0.924725692806484,5
cnn_diagonly_clean,2,noise|k=0|s=0.25|bw=0.0,0.9231901223178441,5
cnn_diagonly_clean,2,noise|k=0|s=0.5|bw=0.0,0.9065800667747963,5
cnn_diagonly_clean,2,bw|k=0|s=0.0|bw=0.25,0.9255579669532418,5
cnn_diagonly_clean,2,bw|k=0|s=0.0|bw=0.5,0.9240220472851822,5
cnn_diagonly_clean,2,bw|k=0|s=0.0|bw=1.0,0.9103988804334993,5
cnn_diagonly_clean,2,joint|k=0|s=0.0|bw=0.0,0.9259436256671062,5
cnn_diagonly_clean,2,joint|k=0|s=0.1|bw=0.0,0.9257324357092249,5
cnn_diagonly_clean,2,joint|k=0|s=0.25|bw=0.0,0.9234563160233975,5
cnn_diagonly_clean,2,joint|k=2|s=0.0|bw=0.0,0.900989050227398,5
cnn_diagonly_clean,2,joint|k=2|s=0.1|bw=0.0,0.8997461327012424,5
cnn_diagonly_clean,2,joint|k=2|s=0.25|bw=0.0,0.8957199100404363,5
cnn_diagonly_clean,2,joint|k=4|s=0.0|bw=0.0,0.8567377992469926,5
cnn_diagonly_clean,2,joint|k=4|s=0.1|bw=0.0,0.8575404373795988,5
cnn_diagonly_clean,2,joint|k=4|s=0.25|bw=0.0,0.8562714202597028,5
cnn_diagonly_clean,2,joint|k=6|s=0.0|bw=0.0,0.7968029497573218,5
cnn_diagonly_clean,2,joint|k=6|s=0.1|bw=0.0,0.7950719523377963,5
cnn_diagonly_clean,2,joint|k=6|s=0.25|bw=0.0,0.7931350547671748,5
cnn_diagonly_clean,2,joint|k=8|s=0.0|bw=0.0,0.6991766791981616,5
cnn_diagonly_clean,2,joint|k=8|s=0.1|bw=0.0,0.6982421128226014,5
cnn_diagonly_clean,2,joint|k=8|s=0.25|bw=0.0,0.6977339629459236,5
cnn_diagonly_clean,3,missing|k=0|s=0.0|bw=0.0,0.9238593493818461,5
cnn_diagonly_clean,3,missing|k=1|s=0.0|bw=0.0,0.9139185670028056,5
cnn_diagonly_clean,3,missing|k=2|s=0.0|bw=0.0,0.8976573588117429,5
cnn_diagonly_clean,3,missing|k=3|s=0.0|bw=0.0,0.8860290035359217,5
cnn_diagonly_clean,3,missing|k=4|s=0.0|bw=0.0,0.8638833803660289,5
cnn_diagonly_clean,3,missing|k=6|s=0.0|bw=0.0,0.8149023697096054,5
cnn_diagonly_clean,3,missing|k=8|s=0.0|bw=0.0,0.738662784070095,5
cnn_diagonly_clean,3,missing|k=10|s=0.0|bw=0.0,0.6025941064432663,5
cnn_diagonly_clean,3,missing|k=12|s=0.0|bw=0.0,0.4958343153825833,5
cnn_diagonly_clean,3,noise|k=0|s=0.05|bw=0.0,0.9237882320941739,5
cnn_diagonly_clean,3,noise|k=0|s=0.1|bw=0.0,0.9237051728360312,5
cnn_diagonly_clean,3,noise|k=0|s=0.15|bw=0.0,0.9234797600045219,5
cnn_diagonly_clean,3,noise|k=0|s=0.2|bw=0.0,0.9233871255363498,5
cnn_diagonly_clean,3,noise|k=0|s=0.25|bw=0.0,0.922592113764779,5
cnn_diagonly_clean,3,noise|k=0|s=0.5|bw=0.0,0.9172016037333149,5
cnn_diagonly_clean,3,bw|k=0|s=0.0|bw=0.25,0.923541424777125,5
cnn_diagonly_clean,3,bw|k=0|s=0.0|bw=0.5,0.9224182988045495,5
cnn_diagonly_clean,3,bw|k=0|s=0.0|bw=1.0,0.9150281152570464,5
cnn_diagonly_clean,3,joint|k=0|s=0.0|bw=0.0,0.9238593493818461,5
cnn_diagonly_clean,3,joint|k=0|s=0.1|bw=0.0,0.9236667454188309,5
cnn_diagonly_clean,3,joint|k=0|s=0.25|bw=0.0,0.922639622357012,5
cnn_diagonly_clean,3,joint|k=2|s=0.0|bw=0.0,0.9003465245297093,5
cnn_diagonly_clean,3,joint|k=2|s=0.1|bw=0.0,0.8989002440225298,5
cnn_diagonly_clean,3,joint|k=2|s=0.25|bw=0.0,0.8973933556886126,5
cnn_diagonly_clean,3,joint|k=4|s=0.0|bw=0.0,0.8633350038085592,5
cnn_diagonly_clean,3,joint|k=4|s=0.1|bw=0.0,0.8645945671864459,5
cnn_diagonly_clean,3,joint|k=4|s=0.25|bw=0.0,0.8653805240826319,5
cnn_diagonly_clean,3,joint|k=6|s=0.0|bw=0.0,0.8157437355545876,5
cnn_diagonly_clean,3,joint|k=6|s=0.1|bw=0.0,0.8159327635557612,5
cnn_diagonly_clean,3,joint|k=6|s=0.25|bw=0.0,0.8127778448875185,5
cnn_diagonly_clean,3,joint|k=8|s=0.0|bw=0.0,0.7412251646623368,5
cnn_diagonly_clean,3,joint|k=8|s=0.1|bw=0.0,0.7357699125965542,5
cnn_diagonly_clean,3,joint|k=8|s=0.25|bw=0.0,0.7348885532811904,5
cnn_diagonly_clean,4,missing|k=0|s=0.0|bw=0.0,0.9274166116483578,5
cnn_diagonly_clean,4,missing|k=1|s=0.0|bw=0.0,0.9176335841241844,5
cnn_diagonly_clean,4,missing|k=2|s=0.0|bw=0.0,0.9026950515923915,5
cnn_diagonly_clean,4,missing|k=3|s=0.0|bw=0.0,0.8903633072575172,5
cnn_diagonly_clean,4,missing|k=4|s=0.0|bw=0.0,0.8672124314922474,5
cnn_diagonly_clean,4,missing|k=6|s=0.0|bw=0.0,0.8083266715353428,5
cnn_diagonly_clean,4,missing|k=8|s=0.0|bw=0.0,0.7029485293175686,5
cnn_diagonly_clean,4,missing|k=10|s=0.0|bw=0.0,0.5504098708983299,5
cnn_diagonly_clean,4,missing|k=12|s=0.0|bw=0.0,0.49838864195375904,5
cnn_diagonly_clean,4,noise|k=0|s=0.05|bw=0.0,0.9273794658095363,5
cnn_diagonly_clean,4,noise|k=0|s=0.1|bw=0.0,0.9272779295655307,5
cnn_diagonly_clean,4,noise|k=0|s=0.15|bw=0.0,0.9269423363532402,5
cnn_diagonly_clean,4,noise|k=0|s=0.2|bw=0.0,0.9268284055268197,5
cnn_diagonly_clean,4,noise|k=0|s=0.25|bw=0.0,0.9257809322477808,5
cnn_diagonly_clean,4,noise|k=0|s=0.5|bw=0.0,0.9175165498609031,5
cnn_diagonly_clean,4,bw|k=0|s=0.0|bw=0.25,0.9270203821443935,5
cnn_diagonly_clean,4,bw|k=0|s=0.0|bw=0.5,0.9255892153620138,5
cnn_diagonly_clean,4,bw|k=0|s=0.0|bw=1.0,0.9170446300418632,5
cnn_diagonly_clean,4,joint|k=0|s=0.0|bw=0.0,0.9274166116483578,5
cnn_diagonly_clean,4,joint|k=0|s=0.1|bw=0.0,0.9271831809164406,5
cnn_diagonly_clean,4,joint|k=0|s=0.25|bw=0.0,0.9257902314220423,5
cnn_diagonly_clean,4,joint|k=2|s=0.0|bw=0.0,0.9037791402288233,5
cnn_diagonly_clean,4,joint|k=2|s=0.1|bw=0.0,0.9033278865785782,5
cnn_diagonly_clean,4,joint|k=2|s=0.25|bw=0.0,0.901779670762189,5
cnn_diagonly_clean,4,joint|k=4|s=0.0|bw=0.0,0.866693612962948,5
cnn_diagonly_clean,4,joint|k=4|s=0.1|bw=0.0,0.867114889646901,5
cnn_diagonly_clean,4,joint|k=4|s=0.25|bw=0.0,0.868249718360925,5
cnn_diagonly_clean,4,joint|k=6|s=0.0|bw=0.0,0.8082711003645681,5
cnn_diagonly_clean,4,joint|k=6|s=0.1|bw=0.0,0.8088291974587805,5
cnn_diagonly_clean,4,joint|k=6|s=0.25|bw=0.0,0.8043903643823083,5
cnn_diagonly_clean,4,joint|k=8|s=0.0|bw=0.0,0.7025845883494487,5
cnn_diagonly_clean,4,joint|k=8|s=0.1|bw=0.0,0.7021959066343915,5
cnn_diagonly_clean,4,joint|k=8|s=0.25|bw=0.0,0.7004242852066715,5
cnn_full_cleanfrac20,0,missing|k=0|s=0.0|bw=0.0,0.925498070527429,5
cnn_full_cleanfrac20,0,missing|k=1|s=0.0|bw=0.0,0.9233124794222132,5
cnn_full_cleanfrac20,0,missing|k=2|s=0.0|bw=0.0,0.9193410087957892,5
cnn_full_cleanfrac20,0,missing|k=3|s=0.0|bw=0.0,0.9173932039065281,5
cnn_full_cleanfrac20,0,missing|k=4|s=0.0|bw=0.0,0.9110303609177672,5
cnn_full_cleanfrac20,0,missing|k=6|s=0.0|bw=0.0,0.8972463494163507,5
cnn_full_cleanfrac20,0,missing|k=8|s=0.0|bw=0.0,0.8613142783788417,5
cnn_full_cleanfrac20,0,missing|k=10|s=0.0|bw=0.0,0.7422123989294498,5
cnn_full_cleanfrac20,0,missing|k=12|s=0.0|bw=0.0,0.49776091661020977,5
cnn_full_cleanfrac20,0,noise|k=0|s=0.05|bw=0.0,0.9256055412942319,5
cnn_full_cleanfrac20,0,noise|k=0|s=0.1|bw=0.0,0.9254030837177248,5
cnn_full_cleanfrac20,0,noise|k=0|s=0.15|bw=0.0,0.9249717477193313,5
cnn_full_cleanfrac20,0,noise|k=0|s=0.2|bw=0.0,0.9244320550261353,5
cnn_full_cleanfrac20,0,noise|k=0|s=0.25|bw=0.0,0.9230858133827653,5
cnn_full_cleanfrac20,0,noise|k=0|s=0.5|bw=0.0,0.9138069217791441,5
cnn_full_cleanfrac20,0,bw|k=0|s=0.0|bw=0.25,0.9254912003210768,5
cnn_full_cleanfrac20,0,bw|k=0|s=0.0|bw=0.5,0.9246735157564648,5
cnn_full_cleanfrac20,0,bw|k=0|s=0.0|bw=1.0,0.9189711579763123,5
cnn_full_cleanfrac20,0,joint|k=0|s=0.0|bw=0.0,0.925498070527429,5
cnn_full_cleanfrac20,0,joint|k=0|s=0.1|bw=0.0,0.9253139994145838,5
cnn_full_cleanfrac20,0,joint|k=0|s=0.25|bw=0.0,0.9233995261799437,5
cnn_full_cleanfrac20,0,joint|k=2|s=0.0|bw=0.0,0.9207575821530725,5
cnn_full_cleanfrac20,0,joint|k=2|s=0.1|bw=0.0,0.9202201315898808,5
cnn_full_cleanfrac20,0,joint|k=2|s=0.25|bw=0.0,0.9176356381673834,5
cnn_full_cleanfrac20,0,joint|k=4|s=0.0|bw=0.0,0.9108237944204631,5
cnn_full_cleanfrac20,0,joint|k=4|s=0.1|bw=0.0,0.9114082647940898,5
cnn_full_cleanfrac20,0,joint|k=4|s=0.25|bw=0.0,0.9096633360465983,5
cnn_full_cleanfrac20,0,joint|k=6|s=0.0|bw=0.0,0.8964009416462903,5
cnn_full_cleanfrac20,0,joint|k=6|s=0.1|bw=0.0,0.8963867393681995,5
cnn_full_cleanfrac20,0,joint|k=6|s=0.25|bw=0.0,0.8948186858571396,5
cnn_full_cleanfrac20,0,joint|k=8|s=0.0|bw=0.0,0.8621010779095016,5
cnn_full_cleanfrac20,0,joint|k=8|s=0.1|bw=0.0,0.8608574552974201,5
cnn_full_cleanfrac20,0,joint|k=8|s=0.25|bw=0.0,0.8582898782525854,5
cnn_full_cleanfrac20,1,missing|k=0|s=0.0|bw=0.0,0.9272140233965025,5
cnn_full_cleanfrac20,1,missing|k=1|s=0.0|bw=0.0,0.9248458938156701,5
cnn_full_cleanfrac20,1,missing|k=2|s=0.0|bw=0.0,0.9207700588820021,5
cnn_full_cleanfrac20,1,missing|k=3|s=0.0|bw=0.0,0.9186777964465674,5
cnn_full_cleanfrac20,1,missing|k=4|s=0.0|bw=0.0,0.913063584196441,5
cnn_full_cleanfrac20,1,missing|k=6|s=0.0|bw=0.0,0.9007582512368874,5
cnn_full_cleanfrac20,1,missing|k=8|s=0.0|bw=0.0,0.8667633237617112,5
cnn_full_cleanfrac20,1,missing|k=10|s=0.0|bw=0.0,0.7508754876561374,5
cnn_full_cleanfrac20,1,missing|k=12|s=0.0|bw=0.0,0.5005156341510325,5
cnn_full_cleanfrac20,1,noise|k=0|s=0.05|bw=0.0,0.9270091756835738,5
cnn_full_cleanfrac20,1,noise|k=0|s=0.1|bw=0.0,0.9266056726875055,5
cnn_full_cleanfrac20,1,noise|k=0|s=0.15|bw=0.0,0.926277510027294,5
cnn_full_cleanfrac20,1,noise|k=0|s=0.2|bw=0.0,0.9257482300301503,5
cnn_full_cleanfrac20,1,noise|k=0|s=0.25|bw=0.0,0.9247388604475344,5
cnn_full_cleanfrac20,1,noise|k=0|s=0.5|bw=0.0,0.9182487186752365,5
cnn_full_cleanfrac20,1,bw|k=0|s=0.0|bw=0.25,0.9270244181959162,5
cnn_full_cleanfrac20,1,bw|k=0|s=0.0|bw=0.5,0.9262106745973597,5
cnn_full_cleanfrac20,1,bw|k=0|s=0.0|bw=1.0,0.9204967414220342,5
cnn_full_cleanfrac20,1,joint|k=0|s=0.0|bw=0.0,0.9272140233965025,5
cnn_full_cleanfrac20,1,joint|k=0|s=0.1|bw=0.0,0.9266643444071636,5
cnn_full_cleanfrac20,1,joint|k=0|s=0.25|bw=0.0,0.9247846896962735,5
cnn_full_cleanfrac20,1,joint|k=2|s=0.0|bw=0.0,0.9216613087890334,5
cnn_full_cleanfrac20,1,joint|k=2|s=0.1|bw=0.0,0.921699705912222,5
cnn_full_cleanfrac20,1,joint|k=2|s=0.25|bw=0.0,0.9192208518846382,5
cnn_full_cleanfrac20,1,joint|k=4|s=0.0|bw=0.0,0.9138159815890361,5
cnn_full_cleanfrac20,1,joint|k=4|s=0.1|bw=0.0,0.9137982005648873,5
cnn_full_cleanfrac20,1,joint|k=4|s=0.25|bw=0.0,0.9131242848926892,5
cnn_full_cleanfrac20,1,joint|k=6|s=0.0|bw=0.0,0.9005506855181478,5
cnn_full_cleanfrac20,1,joint|k=6|s=0.1|bw=0.0,0.9002431982039999,5
cnn_full_cleanfrac20,1,joint|k=6|s=0.25|bw=0.0,0.8988156224900161,5
cnn_full_cleanfrac20,1,joint|k=8|s=0.0|bw=0.0,0.8671273418347079,5
cnn_full_cleanfrac20,1,joint|k=8|s=0.1|bw=0.0,0.866414345716945,5
cnn_full_cleanfrac20,1,joint|k=8|s=0.25|bw=0.0,0.8633560424941876,5
cnn_full_cleanfrac20,2,missing|k=0|s=0.0|bw=0.0,0.9284701359080912,5
cnn_full_cleanfrac20,2,missing|k=1|s=0.0|bw=0.0,0.925839905210488,5
cnn_full_cleanfrac20,2,missing|k=2|s=0.0|bw=0.0,0.9222192577748075,5
cnn_full_cleanfrac20,2,missing|k=3|s=0.0|bw=0.0,0.9195401595179021,5
cnn_full_cleanfrac20,2,missing|k=4|s=0.0|bw=0.0,0.913002259250764,5
cnn_full_cleanfrac20,2,missing|k=6|s=0.0|bw=0.0,0.9019719510515353,5
cnn_full_cleanfrac20,2,missing|k=8|s=0.0|bw=0.0,0.8666741779910941,5
cnn_full_cleanfrac20,2,missing|k=10|s=0.0|bw=0.0,0.7450029650869112,5
cnn_full_cleanfrac20,2,missing|k=12|s=0.0|bw=0.0,0.5021717986685234,5
cnn_full_cleanfrac20,2,noise|k=0|s=0.05|bw=0.0,0.9284100179027878,5
cnn_full_cleanfrac20,2,noise|k=0|s=0.1|bw=0.0,0.9280134128545587,5
cnn_full_cleanfrac20,2,noise|k=0|s=0.15|bw=0.0,0.9273891773235183,5
cnn_full_cleanfrac20,2,noise|k=0|s=0.2|bw=0.0,0.9266422058768734,5
cnn_full_cleanfrac20,2,noise|k=0|s=0.25|bw=0.0,0.9251353640309304,5
cnn_full_cleanfrac20,2,noise|k=0|s=0.5|bw=0.0,0.9153059436893436,5
cnn_full_cleanfrac20,2,bw|k=0|s=0.0|bw=0.25,0.9283928191482378,5
cnn_full_cleanfrac20,2,bw|k=0|s=0.0|bw=0.5,0.9274071676643396,5
cnn_full_cleanfrac20,2,bw|k=0|s=0.0|bw=1.0,0.921318395833935,5
cnn_full_cleanfrac20,2,joint|k=0|s=0.0|bw=0.0,0.9284701359080912,5
cnn_full_cleanfrac20,2,joint|k=0|s=0.1|bw=0.0,0.9280337746733659,5
cnn_full_cleanfrac20,2,joint|k=0|s=0.25|bw=0.0,0.9253591364812455,5
cnn_full_cleanfrac20,2,joint|k=2|s=0.0|bw=0.0,0.9222361416073006,5
cnn_full_cleanfrac20,2,joint|k=2|s=0.1|bw=0.0,0.9224018779549781,5
cnn_full_cleanfrac20,2,joint|k=2|s=0.25|bw=0.0,0.9192692882241504,5
cnn_full_cleanfrac20,2,joint|k=4|s=0.0|bw=0.0,0.9140634974866966,5
cnn_full_cleanfrac20,2,joint|k=4|s=0.1|bw=0.0,0.9148219764434351,5
cnn_full_cleanfrac20,2,joint|k=4|s=0.25|bw=0.0,0.9129111219555766,5
cnn_full_cleanfrac20,2,joint|k=6|s=0.0|bw=0.0,0.8998162884409524,5
cnn_full_cleanfrac20,2,joint|k=6|s=0.1|bw=0.0,0.8999363217006456,5
cnn_full_cleanfrac20,2,joint|k=6|s=0.25|bw=0.0,0.8980820459781992,5
cnn_full_cleanfrac20,2,joint|k=8|s=0.0|bw=0.0,0.8668530125753175,5
cnn_full_cleanfrac20,2,joint|k=8|s=0.1|bw=0.0,0.864434160828489,5
cnn_full_cleanfrac20,2,joint|k=8|s=0.25|bw=0.0,0.8614136128069187,5
cnn_full_gss,0,missing|k=0|s=0.0|bw=0.0,0.9410572791101119,5
cnn_full_gss,0,missing|k=1|s=0.0|bw=0.0,0.9388389688701716,5
cnn_full_gss,0,missing|k=2|s=0.0|bw=0.0,0.9366836348191663,5
cnn_full_gss,0,missing|k=3|s=0.0|bw=0.0,0.9339275281556118,5
cnn_full_gss,0,missing|k=4|s=0.0|bw=0.0,0.9312985841216042,5
cnn_full_gss,0,missing|k=6|s=0.0|bw=0.0,0.9200689099481375,5
cnn_full_gss,0,missing|k=8|s=0.0|bw=0.0,0.891879557362483,5
cnn_full_gss,0,missing|k=10|s=0.0|bw=0.0,0.7733941066190142,5
cnn_full_gss,0,missing|k=12|s=0.0|bw=0.0,0.5004902271526677,5
cnn_full_gss,0,noise|k=0|s=0.05|bw=0.0,0.9410437789386815,5
cnn_full_gss,0,noise|k=0|s=0.1|bw=0.0,0.9409769948434944,5
cnn_full_gss,0,noise|k=0|s=0.15|bw=0.0,0.9408752469439106,5
cnn_full_gss,0,noise|k=0|s=0.2|bw=0.0,0.9405378586480534,5
cnn_full_gss,0,noise|k=0|s=0.25|bw=0.0,0.9402903010340682,5
cnn_full_gss,0,noise|k=0|s=0.5|bw=0.0,0.9336688339657065,5
cnn_full_gss,0,bw|k=0|s=0.0|bw=0.25,0.940856714459992,5
cnn_full_gss,0,bw|k=0|s=0.0|bw=0.5,0.9400576864427335,5
cnn_full_gss,0,bw|k=0|s=0.0|bw=1.0,0.9347324134622796,5
cnn_full_gss,0,joint|k=0|s=0.0|bw=0.0,0.9410572791101119,5
cnn_full_gss,0,joint|k=0|s=0.1|bw=0.0,0.9410405183077476,5
cnn_full_gss,0,joint|k=0|s=0.25|bw=0.0,0.9401843874903401,5
cnn_full_gss,0,joint|k=2|s=0.0|bw=0.0,0.9369071276878552,5
cnn_full_gss,0,joint|k=2|s=0.1|bw=0.0,0.9365730188504084,5
cnn_full_gss,0,joint|k=2|s=0.25|bw=0.0,0.9359970252782108,5
cnn_full_gss,0,joint|k=4|s=0.0|bw=0.0,0.929659358537687,5
cnn_full_gss,0,joint|k=4|s=0.1|bw=0.0,0.9310450115912259,5
cnn_full_gss,0,joint|k=4|s=0.25|bw=0.0,0.9290586184049342,5
cnn_full_gss,0,joint|k=6|s=0.0|bw=0.0,0.9197665708202815,5
cnn_full_gss,0,joint|k=6|s=0.1|bw=0.0,0.9188264599998778,5
cnn_full_gss,0,joint|k=6|s=0.25|bw=0.0,0.9196204151165505,5
cnn_full_gss,0,joint|k=8|s=0.0|bw=0.0,0.8903371246495702,5
cnn_full_gss,0,joint|k=8|s=0.1|bw=0.0,0.8901404352687818,5
cnn_full_gss,0,joint|k=8|s=0.25|bw=0.0,0.8881882418958134,5
cnn_full_gss,1,missing|k=0|s=0.0|bw=0.0,0.9415133742819352,5
cnn_full_gss,1,missing|k=1|s=0.0|bw=0.0,0.9396596875390169,5
cnn_full_gss,1,missing|k=2|s=0.0|bw=0.0,0.9376838080253892,5
cnn_full_gss,1,missing|k=3|s=0.0|bw=0.0,0.9348798012998127,5
cnn_full_gss,1,missing|k=4|s=0.0|bw=0.0,0.9322209696277802,5
cnn_full_gss,1,missing|k=6|s=0.0|bw=0.0,0.9217533653773948,5
cnn_full_gss,1,missing|k=8|s=0.0|bw=0.0,0.8959014507346896,5
cnn_full_gss,1,missing|k=10|s=0.0|bw=0.0,0.788118404462805,5
cnn_full_gss,1,missing|k=12|s=0.0|bw=0.0,0.5003011922506146,5
cnn_full_gss,1,noise|k=0|s=0.05|bw=0.0,0.9414897482078199,5
cnn_full_gss,1,noise|k=0|s=0.1|bw=0.0,0.9412530769897225,5
cnn_full_gss,1,noise|k=0|s=0.15|bw=0.0,0.9407564120017369,5
cnn_full_gss,1,noise|k=0|s=0.2|bw=0.0,0.9397957731748141,5
cnn_full_gss,1,noise|k=0|s=0.25|bw=0.0,0.9386978464564979,5
cnn_full_gss,1,noise|k=0|s=0.5|bw=0.0,0.924811231031766,5
cnn_full_gss,1,bw|k=0|s=0.0|bw=0.25,0.9414414325571897,5
cnn_full_gss,1,bw|k=0|s=0.0|bw=0.5,0.9408197529222567,5
cnn_full_gss,1,bw|k=0|s=0.0|bw=1.0,0.9350105426272632,5
cnn_full_gss,1,joint|k=0|s=0.0|bw=0.0,0.9415133742819352,5
cnn_full_gss,1,joint|k=0|s=0.1|bw=0.0,0.9412326599702849,5
cnn_full_gss,1,joint|k=0|s=0.25|bw=0.0,0.938651536883363,5
cnn_full_gss,1,joint|k=2|s=0.0|bw=0.0,0.9373417354917913,5
cnn_full_gss,1,joint|k=2|s=0.1|bw=0.0,0.9368317378445656,5
cnn_full_gss,1,joint|k=2|s=0.25|bw=0.0,0.9345439030292851,5
cnn_full_gss,1,joint|k=4|s=0.0|bw=0.0,0.9313442296796219,5
cnn_full_gss,1,joint|k=4|s=0.1|bw=0.0,0.9318882758075635,5
cnn_full_gss,1,joint|k=4|s=0.25|bw=0.0,0.9286937383835154,5
cnn_full_gss,1,joint|k=6|s=0.0|bw=0.0,0.9224048475680984,5
cnn_full_gss,1,joint|k=6|s=0.1|bw=0.0,0.9209247639982241,5
cnn_full_gss,1,joint|k=6|s=0.25|bw=0.0,0.92011990403481,5
cnn_full_gss,1,joint|k=8|s=0.0|bw=0.0,0.8948410942682787,5
cnn_full_gss,1,joint|k=8|s=0.1|bw=0.0,0.8939243455800912,5
cnn_full_gss,1,joint|k=8|s=0.25|bw=0.0,0.891722521616148,5
cnn_full_gss,2,missing|k=0|s=0.0|bw=0.0,0.9411827355083029,5
cnn_full_gss,2,missing|k=1|s=0.0|bw=0.0,0.9392930195518954,5
cnn_full_gss,2,missing|k=2|s=0.0|bw=0.0,0.9369488402062951,5
cnn_full_gss,2,missing|k=3|s=0.0|bw=0.0,0.9340231968760445,5
cnn_full_gss,2,missing|k=4|s=0.0|bw=0.0,0.9312330299137088,5
cnn_full_gss,2,missing|k=6|s=0.0|bw=0.0,0.9207805746964125,5
cnn_full_gss,2,missing|k=8|s=0.0|bw=0.0,0.8943513047213122,5
cnn_full_gss,2,missing|k=10|s=0.0|bw=0.0,0.7992508200578883,5
cnn_full_gss,2,missing|k=12|s=0.0|bw=0.0,0.5034336148744958,5
cnn_full_gss,2,noise|k=0|s=0.05|bw=0.0,0.9411659321873127,5
cnn_full_gss,2,noise|k=0|s=0.1|bw=0.0,0.9410683991191329,5
cnn_full_gss,2,noise|k=0|s=0.15|bw=0.0,0.9407519136198669,5
cnn_full_gss,2,noise|k=0|s=0.2|bw=0.0,0.9399662173879426,5
cnn_full_gss,2,noise|k=0|s=0.25|bw=0.0,0.9392158422043133,5
cnn_full_gss,2,noise|k=0|s=0.5|bw=0.0,0.9294072681076397,5
cnn_full_gss,2,bw|k=0|s=0.0|bw=0.25,0.9409981236862206,5
cnn_full_gss,2,bw|k=0|s=0.0|bw=0.5,0.9401311818720884,5
cnn_full_gss,2,bw|k=0|s=0.0|bw=1.0,0.9344253395829607,5
cnn_full_gss,2,joint|k=0|s=0.0|bw=0.0,0.9411827355083029,5
cnn_full_gss,2,joint|k=0|s=0.1|bw=0.0,0.9410249647238533,5
cnn_full_gss,2,joint|k=0|s=0.25|bw=0.0,0.9391706001969402,5
cnn_full_gss,2,joint|k=2|s=0.0|bw=0.0,0.9372068565334832,5
cnn_full_gss,2,joint|k=2|s=0.1|bw=0.0,0.9362515689107138,5
cnn_full_gss,2,joint|k=2|s=0.25|bw=0.0,0.9350182628104413,5
cnn_full_gss,2,joint|k=4|s=0.0|bw=0.0,0.9307951286083036,5
cnn_full_gss,2,joint|k=4|s=0.1|bw=0.0,0.9306529279916447,5
cnn_full_gss,2,joint|k=4|s=0.25|bw=0.0,0.92847063598953,5
cnn_full_gss,2,joint|k=6|s=0.0|bw=0.0,0.9203694918380517,5
cnn_full_gss,2,joint|k=6|s=0.1|bw=0.0,0.9192569758716302,5
cnn_full_gss,2,joint|k=6|s=0.25|bw=0.0,0.9193644098253442,5
cnn_full_gss,2,joint|k=8|s=0.0|bw=0.0,0.8939461732635413,5
cnn_full_gss,2,joint|k=8|s=0.1|bw=0.0,0.8941883998201916,5
cnn_full_gss,2,joint|k=8|s=0.25|bw=0.0,0.8924362605916649,5
cnn_full_leadwise_cleanfrac20,0,missing|k=0|s=0.0|bw=0.0,0.9250028678095135,5
cnn_full_leadwise_cleanfrac20,0,missing|k=1|s=0.0|bw=0.0,0.9226531743448895,5
cnn_full_leadwise_cleanfrac20,0,missing|k=2|s=0.0|bw=0.0,0.9196318958040944,5
cnn_full_leadwise_cleanfrac20,0,missing|k=3|s=0.0|bw=0.0,0.9173506292564305,5
cnn_full_leadwise_cleanfrac20,0,missing|k=4|s=0.0|bw=0.0,0.9115819741812377,5
cnn_full_leadwise_cleanfrac20,0,missing|k=6|s=0.0|bw=0.0,0.8999589775759753,5
cnn_full_leadwise_cleanfrac20,0,missing|k=8|s=0.0|bw=0.0,0.8656779403494579,5
cnn_full_leadwise_cleanfrac20,0,missing|k=10|s=0.0|bw=0.0,0.7598615874928241,5
cnn_full_leadwise_cleanfrac20,0,missing|k=12|s=0.0|bw=0.0,0.5017794871648655,5
cnn_full_leadwise_cleanfrac20,0,noise|k=0|s=0.05|bw=0.0,0.9250027066196846,5
cnn_full_leadwise_cleanfrac20,0,noise|k=0|s=0.1|bw=0.0,0.9248918949810347,5
cnn_full_leadwise_cleanfrac20,0,noise|k=0|s=0.15|bw=0.0,0.9247572791829594,5
cnn_full_leadwise_cleanfrac20,0,noise|k=0|s=0.2|bw=0.0,0.9247101809969956,5
cnn_full_leadwise_cleanfrac20,0,noise|k=0|s=0.25|bw=0.0,0.9238230536610249,5
cnn_full_leadwise_cleanfrac20,0,noise|k=0|s=0.5|bw=0.0,0.9180465275331275,5
cnn_full_leadwise_cleanfrac20,0,bw|k=0|s=0.0|bw=0.25,0.9247432828453614,5
cnn_full_leadwise_cleanfrac20,0,bw|k=0|s=0.0|bw=0.5,0.9240033043237241,5
cnn_full_leadwise_cleanfrac20,0,bw|k=0|s=0.0|bw=1.0,0.9179102591524309,5
cnn_full_leadwise_cleanfrac20,0,joint|k=0|s=0.0|bw=0.0,0.9250028678095135,5
cnn_full_leadwise_cleanfrac20,0,joint|k=0|s=0.1|bw=0.0,0.924769450711816,5
cnn_full_leadwise_cleanfrac20,0,joint|k=0|s=0.25|bw=0.0,0.9241724418286832,5
cnn_full_leadwise_cleanfrac20,0,joint|k=2|s=0.0|bw=0.0,0.9199805586931487,5
cnn_full_leadwise_cleanfrac20,0,joint|k=2|s=0.1|bw=0.0,0.919928503285119,5
cnn_full_leadwise_cleanfrac20,0,joint|k=2|s=0.25|bw=0.0,0.9186056867888157,5
cnn_full_leadwise_cleanfrac20,0,joint|k=4|s=0.0|bw=0.0,0.911987062047998,5
cnn_full_leadwise_cleanfrac20,0,joint|k=4|s=0.1|bw=0.0,0.9131066136189432,5
cnn_full_leadwise_cleanfrac20,0,joint|k=4|s=0.25|bw=0.0,0.9121710549160358,5
cnn_full_leadwise_cleanfrac20,0,joint|k=6|s=0.0|bw=0.0,0.8982910837021814,5
cnn_full_leadwise_cleanfrac20,0,joint|k=6|s=0.1|bw=0.0,0.8984444545688065,5
cnn_full_leadwise_cleanfrac20,0,joint|k=6|s=0.25|bw=0.0,0.8970510311465315,5
cnn_full_leadwise_cleanfrac20,0,joint|k=8|s=0.0|bw=0.0,0.8671818592575296,5
cnn_full_leadwise_cleanfrac20,0,joint|k=8|s=0.1|bw=0.0,0.8658380696298383,5
cnn_full_leadwise_cleanfrac20,0,joint|k=8|s=0.25|bw=0.0,0.8620545006835437,5
cnn_full_leadwise_cleanfrac20,1,missing|k=0|s=0.0|bw=0.0,0.9277006475640179,5
cnn_full_leadwise_cleanfrac20,1,missing|k=1|s=0.0|bw=0.0,0.925658664483397,5
cnn_full_leadwise_cleanfrac20,1,missing|k=2|s=0.0|bw=0.0,0.9216055679717288,5
cnn_full_leadwise_cleanfrac20,1,missing|k=3|s=0.0|bw=0.0,0.9199588800861642,5
cnn_full_leadwise_cleanfrac20,1,missing|k=4|s=0.0|bw=0.0,0.9142716013239912,5
cnn_full_leadwise_cleanfrac20,1,missing|k=6|s=0.0|bw=0.0,0.9031222325405233,5
cnn_full_leadwise_cleanfrac20,1,missing|k=8|s=0.0|bw=0.0,0.8676560999551972,5
cnn_full_leadwise_cleanfrac20,1,missing|k=10|s=0.0|bw=0.0,0.7428991526096631,5
cnn_full_leadwise_cleanfrac20,1,missing|k=12|s=0.0|bw=0.0,0.49985288593723903,5
cnn_full_leadwise_cleanfrac20,1,noise|k=0|s=0.05|bw=0.0,0.9276727276779265,5
cnn_full_leadwise_cleanfrac20,1,noise|k=0|s=0.1|bw=0.0,0.927578968706112,5
cnn_full_leadwise_cleanfrac20,1,noise|k=0|s=0.15|bw=0.0,0.9273093934185216,5
cnn_full_leadwise_cleanfrac20,1,noise|k=0|s=0.2|bw=0.0,0.9271635917922296,5
cnn_full_leadwise_cleanfrac20,1,noise|k=0|s=0.25|bw=0.0,0.926223433219414,5
cnn_full_leadwise_cleanfrac20,1,noise|k=0|s=0.5|bw=0.0,0.920458056049125,5
cnn_full_leadwise_cleanfrac20,1,bw|k=0|s=0.0|bw=0.25,0.9276551914988417,5
cnn_full_leadwise_cleanfrac20,1,bw|k=0|s=0.0|bw=0.5,0.9265818242423556,5
cnn_full_leadwise_cleanfrac20,1,bw|k=0|s=0.0|bw=1.0,0.9198019043477117,5
cnn_full_leadwise_cleanfrac20,1,joint|k=0|s=0.0|bw=0.0,0.9277006475640179,5
cnn_full_leadwise_cleanfrac20,1,joint|k=0|s=0.1|bw=0.0,0.927437183424769,5
cnn_full_leadwise_cleanfrac20,1,joint|k=0|s=0.25|bw=0.0,0.9265298647496655,5
cnn_full_leadwise_cleanfrac20,1,joint|k=2|s=0.0|bw=0.0,0.9223794360487443,5
cnn_full_leadwise_cleanfrac20,1,joint|k=2|s=0.1|bw=0.0,0.9227023013647809,5
cnn_full_leadwise_cleanfrac20,1,joint|k=2|s=0.25|bw=0.0,0.921035224607149,5
cnn_full_leadwise_cleanfrac20,1,joint|k=4|s=0.0|bw=0.0,0.9152218000626027,5
cnn_full_leadwise_cleanfrac20,1,joint|k=4|s=0.1|bw=0.0,0.9152635762767997,5
cnn_full_leadwise_cleanfrac20,1,joint|k=4|s=0.25|bw=0.0,0.9148200437668981,5
cnn_full_leadwise_cleanfrac20,1,joint|k=6|s=0.0|bw=0.0,0.9016741137803923,5
cnn_full_leadwise_cleanfrac20,1,joint|k=6|s=0.1|bw=0.0,0.9011742194553103,5
cnn_full_leadwise_cleanfrac20,1,joint|k=6|s=0.25|bw=0.0,0.8994617473412511,5
cnn_full_leadwise_cleanfrac20,1,joint|k=8|s=0.0|bw=0.0,0.8675572401538988,5
cnn_full_leadwise_cleanfrac20,1,joint|k=8|s=0.1|bw=0.0,0.8661016239554279,5
cnn_full_leadwise_cleanfrac20,1,joint|k=8|s=0.25|bw=0.0,0.8642245886699069,5
cnn_full_leadwise_cleanfrac20,2,missing|k=0|s=0.0|bw=0.0,0.9263956373533423,5
cnn_full_leadwise_cleanfrac20,2,missing|k=1|s=0.0|bw=0.0,0.9243862894673166,5
cnn_full_leadwise_cleanfrac20,2,missing|k=2|s=0.0|bw=0.0,0.9200948101240464,5
cnn_full_leadwise_cleanfrac20,2,missing|k=3|s=0.0|bw=0.0,0.9178042941213068,5
cnn_full_leadwise_cleanfrac20,2,missing|k=4|s=0.0|bw=0.0,0.9106413137882186,5
cnn_full_leadwise_cleanfrac20,2,missing|k=6|s=0.0|bw=0.0,0.8986485501928525,5
cnn_full_leadwise_cleanfrac20,2,missing|k=8|s=0.0|bw=0.0,0.8627685472273511,5
cnn_full_leadwise_cleanfrac20,2,missing|k=10|s=0.0|bw=0.0,0.7467309527771121,5
cnn_full_leadwise_cleanfrac20,2,missing|k=12|s=0.0|bw=0.0,0.5033698301552431,5
cnn_full_leadwise_cleanfrac20,2,noise|k=0|s=0.05|bw=0.0,0.9263402347215143,5
cnn_full_leadwise_cleanfrac20,2,noise|k=0|s=0.1|bw=0.0,0.9261968676938104,5
cnn_full_leadwise_cleanfrac20,2,noise|k=0|s=0.15|bw=0.0,0.9260017667657978,5
cnn_full_leadwise_cleanfrac20,2,noise|k=0|s=0.2|bw=0.0,0.9258097421435941,5
cnn_full_leadwise_cleanfrac20,2,noise|k=0|s=0.25|bw=0.0,0.9250194538702651,5
cnn_full_leadwise_cleanfrac20,2,noise|k=0|s=0.5|bw=0.0,0.9208104369216867,5
cnn_full_leadwise_cleanfrac20,2,bw|k=0|s=0.0|bw=0.25,0.9261699153001487,5
cnn_full_leadwise_cleanfrac20,2,bw|k=0|s=0.0|bw=0.5,0.9252781318152131,5
cnn_full_leadwise_cleanfrac20,2,bw|k=0|s=0.0|bw=1.0,0.9187305665276592,5
cnn_full_leadwise_cleanfrac20,2,joint|k=0|s=0.0|bw=0.0,0.9263956373533423,5
cnn_full_leadwise_cleanfrac20,2,joint|k=0|s=0.1|bw=0.0,0.9262116239111993,5
cnn_full_leadwise_cleanfrac20,2,joint|k=0|s=0.25|bw=0.0,0.9251849926075948,5
cnn_full_leadwise_cleanfrac20,2,joint|k=2|s=0.0|bw=0.0,0.9212978512690884,5
cnn_full_leadwise_cleanfrac20,2,joint|k=2|s=0.1|bw=0.0,0.9208411709287659,5
cnn_full_leadwise_cleanfrac20,2,joint|k=2|s=0.25|bw=0.0,0.9189069346798566,5
cnn_full_leadwise_cleanfrac20,2,joint|k=4|s=0.0|bw=0.0,0.9116658718600515,5
cnn_full_leadwise_cleanfrac20,2,joint|k=4|s=0.1|bw=0.0,0.91167203678529,5
cnn_full_leadwise_cleanfrac20,2,joint|k=4|s=0.25|bw=0.0,0.910496278059337,5
cnn_full_leadwise_cleanfrac20,2,joint|k=6|s=0.0|bw=0.0,0.896866626202848,5
cnn_full_leadwise_cleanfrac20,2,joint|k=6|s=0.1|bw=0.0,0.8961840030135365,5
cnn_full_leadwise_cleanfrac20,2,joint|k=6|s=0.25|bw=0.0,0.8957501771656957,5
cnn_full_leadwise_cleanfrac20,2,joint|k=8|s=0.0|bw=0.0,0.8639121098409601,5
cnn_full_leadwise_cleanfrac20,2,joint|k=8|s=0.1|bw=0.0,0.862117745757919,5
cnn_full_leadwise_cleanfrac20,2,joint|k=8|s=0.25|bw=0.0,0.8617376520090492,5
cnn_full_leadwise_cleanfrac20,3,missing|k=0|s=0.0|bw=0.0,0.9277081415545073,5
cnn_full_leadwise_cleanfrac20,3,missing|k=1|s=0.0|bw=0.0,0.9253777887232987,5
cnn_full_leadwise_cleanfrac20,3,missing|k=2|s=0.0|bw=0.0,0.9216451607445217,5
cnn_full_leadwise_cleanfrac20,3,missing|k=3|s=0.0|bw=0.0,0.9189720779952916,5
cnn_full_leadwise_cleanfrac20,3,missing|k=4|s=0.0|bw=0.0,0.912106177715701,5
cnn_full_leadwise_cleanfrac20,3,missing|k=6|s=0.0|bw=0.0,0.9002082240613298,5
cnn_full_leadwise_cleanfrac20,3,missing|k=8|s=0.0|bw=0.0,0.8622074543014924,5
cnn_full_leadwise_cleanfrac20,3,missing|k=10|s=0.0|bw=0.0,0.7476358111661853,5
cnn_full_leadwise_cleanfrac20,3,missing|k=12|s=0.0|bw=0.0,0.5018915783573822,5
cnn_full_leadwise_cleanfrac20,3,noise|k=0|s=0.05|bw=0.0,0.9277221750569711,5
cnn_full_leadwise_cleanfrac20,3,noise|k=0|s=0.1|bw=0.0,0.9276517067982077,5
cnn_full_leadwise_cleanfrac20,3,noise|k=0|s=0.15|bw=0.0,0.9274069198084582,5
cnn_full_leadwise_cleanfrac20,3,noise|k=0|s=0.2|bw=0.0,0.9273524928045951,5
cnn_full_leadwise_cleanfrac20,3,noise|k=0|s=0.25|bw=0.0,0.9267088104028707,5
cnn_full_leadwise_cleanfrac20,3,noise|k=0|s=0.5|bw=0.0,0.9226355280857088,5
cnn_full_leadwise_cleanfrac20,3,bw|k=0|s=0.0|bw=0.25,0.9276442265216864,5
cnn_full_leadwise_cleanfrac20,3,bw|k=0|s=0.0|bw=0.5,0.9269305876489303,5
cnn_full_leadwise_cleanfrac20,3,bw|k=0|s=0.0|bw=1.0,0.9216332052029923,5
cnn_full_leadwise_cleanfrac20,3,joint|k=0|s=0.0|bw=0.0,0.9277081415545073,5
cnn_full_leadwise_cleanfrac20,3,joint|k=0|s=0.1|bw=0.0,0.9276238380020553,5
cnn_full_leadwise_cleanfrac20,3,joint|k=0|s=0.25|bw=0.0,0.9267942177658621,5
cnn_full_leadwise_cleanfrac20,3,joint|k=2|s=0.0|bw=0.0,0.922439944080082,5
cnn_full_leadwise_cleanfrac20,3,joint|k=2|s=0.1|bw=0.0,0.9219669405647926,5
cnn_full_leadwise_cleanfrac20,3,joint|k=2|s=0.25|bw=0.0,0.921149595175511,5
cnn_full_leadwise_cleanfrac20,3,joint|k=4|s=0.0|bw=0.0,0.9132095519515222,5
cnn_full_leadwise_cleanfrac20,3,joint|k=4|s=0.1|bw=0.0,0.9134979163394995,5
cnn_full_leadwise_cleanfrac20,3,joint|k=4|s=0.25|bw=0.0,0.9133336457716995,5
cnn_full_leadwise_cleanfrac20,3,joint|k=6|s=0.0|bw=0.0,0.8986936590880351,5
cnn_full_leadwise_cleanfrac20,3,joint|k=6|s=0.1|bw=0.0,0.8988736148837877,5
cnn_full_leadwise_cleanfrac20,3,joint|k=6|s=0.25|bw=0.0,0.89696144393787,5
cnn_full_leadwise_cleanfrac20,3,joint|k=8|s=0.0|bw=0.0,0.8649189505528249,5
cnn_full_leadwise_cleanfrac20,3,joint|k=8|s=0.1|bw=0.0,0.8618807869774846,5
cnn_full_leadwise_cleanfrac20,3,joint|k=8|s=0.25|bw=0.0,0.8611185598248194,5
cnn_full_leadwise_cleanfrac20,4,missing|k=0|s=0.0|bw=0.0,0.9255624130665991,5
cnn_full_leadwise_cleanfrac20,4,missing|k=1|s=0.0|bw=0.0,0.9238234647113173,5
cnn_full_leadwise_cleanfrac20,4,missing|k=2|s=0.0|bw=0.0,0.9203946109875616,5
cnn_full_leadwise_cleanfrac20,4,missing|k=3|s=0.0|bw=0.0,0.9183313259843529,5
cnn_full_leadwise_cleanfrac20,4,missing|k=4|s=0.0|bw=0.0,0.9125173091192333,5
cnn_full_leadwise_cleanfrac20,4,missing|k=6|s=0.0|bw=0.0,0.9019370200754644,5
cnn_full_leadwise_cleanfrac20,4,missing|k=8|s=0.0|bw=0.0,0.8674765201886572,5
cnn_full_leadwise_cleanfrac20,4,missing|k=10|s=0.0|bw=0.0,0.751669757730216,5
cnn_full_leadwise_cleanfrac20,4,missing|k=12|s=0.0|bw=0.0,0.4993722746564508,5
cnn_full_leadwise_cleanfrac20,4,noise|k=0|s=0.05|bw=0.0,0.9255366116767126,5
cnn_full_leadwise_cleanfrac20,4,noise|k=0|s=0.1|bw=0.0,0.9253975449109006,5
cnn_full_leadwise_cleanfrac20,4,noise|k=0|s=0.15|bw=0.0,0.9250318400657138,5
cnn_full_leadwise_cleanfrac20,4,noise|k=0|s=0.2|bw=0.0,0.9248588245783498,5
cnn_full_leadwise_cleanfrac20,4,noise|k=0|s=0.25|bw=0.0,0.9237268527861081,5
cnn_full_leadwise_cleanfrac20,4,noise|k=0|s=0.5|bw=0.0,0.9161372835104687,5
cnn_full_leadwise_cleanfrac20,4,bw|k=0|s=0.0|bw=0.25,0.9255682573299076,5
cnn_full_leadwise_cleanfrac20,4,bw|k=0|s=0.0|bw=0.5,0.9247852934018692,5
cnn_full_leadwise_cleanfrac20,4,bw|k=0|s=0.0|bw=1.0,0.917981154394832,5
cnn_full_leadwise_cleanfrac20,4,joint|k=0|s=0.0|bw=0.0,0.9255624130665991,5
cnn_full_leadwise_cleanfrac20,4,joint|k=0|s=0.1|bw=0.0,0.925338800948816,5
cnn_full_leadwise_cleanfrac20,4,joint|k=0|s=0.25|bw=0.0,0.9238688625749643,5
cnn_full_leadwise_cleanfrac20,4,joint|k=2|s=0.0|bw=0.0,0.9214278566252331,5
cnn_full_leadwise_cleanfrac20,4,joint|k=2|s=0.1|bw=0.0,0.9211111799597165,5
cnn_full_leadwise_cleanfrac20,4,joint|k=2|s=0.25|bw=0.0,0.9189033970335213,5
cnn_full_leadwise_cleanfrac20,4,joint|k=4|s=0.0|bw=0.0,0.9142668940026176,5
cnn_full_leadwise_cleanfrac20,4,joint|k=4|s=0.1|bw=0.0,0.9146562144721914,5
cnn_full_leadwise_cleanfrac20,4,joint|k=4|s=0.25|bw=0.0,0.9130311966351436,5
cnn_full_leadwise_cleanfrac20,4,joint|k=6|s=0.0|bw=0.0,0.900676357759506,5
cnn_full_leadwise_cleanfrac20,4,joint|k=6|s=0.1|bw=0.0,0.9002004744863221,5
cnn_full_leadwise_cleanfrac20,4,joint|k=6|s=0.25|bw=0.0,0.8987647317652426,5
cnn_full_leadwise_cleanfrac20,4,joint|k=8|s=0.0|bw=0.0,0.8689011369604774,5
cnn_full_leadwise_cleanfrac20,4,joint|k=8|s=0.1|bw=0.0,0.8664103284605693,5
cnn_full_leadwise_cleanfrac20,4,joint|k=8|s=0.25|bw=0.0,0.8647017637783619,5
cnn_full_leadwise,0,missing|k=0|s=0.0|bw=0.0,0.9245437154075793,5
cnn_full_leadwise,0,missing|k=1|s=0.0|bw=0.0,0.9227248412253933,5
cnn_full_leadwise,0,missing|k=2|s=0.0|bw=0.0,0.9188425484169684,5
cnn_full_leadwise,0,missing|k=3|s=0.0|bw=0.0,0.9170525818951047,5
cnn_full_leadwise,0,missing|k=4|s=0.0|bw=0.0,0.911028480392513,5
cnn_full_leadwise,0,missing|k=6|s=0.0|bw=0.0,0.8990681345632989,5
cnn_full_leadwise,0,missing|k=8|s=0.0|bw=0.0,0.8629189180712569,5
cnn_full_leadwise,0,missing|k=10|s=0.0|bw=0.0,0.7492223485992369,5
cnn_full_leadwise,0,missing|k=12|s=0.0|bw=0.0,0.5004806112807882,5
cnn_full_leadwise,0,noise|k=0|s=0.05|bw=0.0,0.9245532837844109,5
cnn_full_leadwise,0,noise|k=0|s=0.1|bw=0.0,0.924434065572276,5
cnn_full_leadwise,0,noise|k=0|s=0.15|bw=0.0,0.924433606660962,5
cnn_full_leadwise,0,noise|k=0|s=0.2|bw=0.0,0.9243331398917523,5
cnn_full_leadwise,0,noise|k=0|s=0.25|bw=0.0,0.9237817085269956,5
cnn_full_leadwise,0,noise|k=0|s=0.5|bw=0.0,0.9201789012196123,5
cnn_full_leadwise,0,bw|k=0|s=0.0|bw=0.25,0.9243421391996438,5
cnn_full_leadwise,0,bw|k=0|s=0.0|bw=0.5,0.9234162254569345,5
cnn_full_leadwise,0,bw|k=0|s=0.0|bw=1.0,0.9183652741545953,5
cnn_full_leadwise,0,joint|k=0|s=0.0|bw=0.0,0.9245437154075793,5
cnn_full_leadwise,0,joint|k=0|s=0.1|bw=0.0,0.924465309549664,5
cnn_full_leadwise,0,joint|k=0|s=0.25|bw=0.0,0.9240503008655152,5
cnn_full_leadwise,0,joint|k=2|s=0.0|bw=0.0,0.9201854700845227,5
cnn_full_leadwise,0,joint|k=2|s=0.1|bw=0.0,0.9202589761202153,5
cnn_full_leadwise,0,joint|k=2|s=0.25|bw=0.0,0.9183291168212364,5
cnn_full_leadwise,0,joint|k=4|s=0.0|bw=0.0,0.9113419552370315,5
cnn_full_leadwise,0,joint|k=4|s=0.1|bw=0.0,0.9118429219571738,5
cnn_full_leadwise,0,joint|k=4|s=0.25|bw=0.0,0.911417693461918,5
cnn_full_leadwise,0,joint|k=6|s=0.0|bw=0.0,0.8966884505401469,5
cnn_full_leadwise,0,joint|k=6|s=0.1|bw=0.0,0.8983260643072688,5
cnn_full_leadwise,0,joint|k=6|s=0.25|bw=0.0,0.8970041748815006,5
cnn_full_leadwise,0,joint|k=8|s=0.0|bw=0.0,0.8627221690331897,5
cnn_full_leadwise,0,joint|k=8|s=0.1|bw=0.0,0.8630444717474217,5
cnn_full_leadwise,0,joint|k=8|s=0.25|bw=0.0,0.8598279990028246,5
cnn_full_leadwise,1,missing|k=0|s=0.0|bw=0.0,0.9268192286829244,5
cnn_full_leadwise,1,missing|k=1|s=0.0|bw=0.0,0.925230451213082,5
cnn_full_leadwise,1,missing|k=2|s=0.0|bw=0.0,0.9218170446235885,5
cnn_full_leadwise,1,missing|k=3|s=0.0|bw=0.0,0.9201461042988601,5
cnn_full_leadwise,1,missing|k=4|s=0.0|bw=0.0,0.9148477092936979,5
cnn_full_leadwise,1,missing|k=6|s=0.0|bw=0.0,0.9044359441544311,5
cnn_full_leadwise,1,missing|k=8|s=0.0|bw=0.0,0.8702772825595959,5
cnn_full_leadwise,1,missing|k=10|s=0.0|bw=0.0,0.7500872705206628,5
cnn_full_leadwise,1,missing|k=12|s=0.0|bw=0.0,0.4977258937399654,5
cnn_full_leadwise,1,noise|k=0|s=0.05|bw=0.0,0.9268230710035216,5
cnn_full_leadwise,1,noise|k=0|s=0.1|bw=0.0,0.9267775211777046,5
cnn_full_leadwise,1,noise|k=0|s=0.15|bw=0.0,0.9265423065415004,5
cnn_full_leadwise,1,noise|k=0|s=0.2|bw=0.0,0.9261663096012274,5
cnn_full_leadwise,1,noise|k=0|s=0.25|bw=0.0,0.9254592497557166,5
cnn_full_leadwise,1,noise|k=0|s=0.5|bw=0.0,0.9195100105921385,5
cnn_full_leadwise,1,bw|k=0|s=0.0|bw=0.25,0.9267760487150694,5
cnn_full_leadwise,1,bw|k=0|s=0.0|bw=0.5,0.9260299648268177,5
cnn_full_leadwise,1,bw|k=0|s=0.0|bw=1.0,0.9195818090301836,5
cnn_full_leadwise,1,joint|k=0|s=0.0|bw=0.0,0.9268192286829244,5
cnn_full_leadwise,1,joint|k=0|s=0.1|bw=0.0,0.9266686309817358,5
cnn_full_leadwise,1,joint|k=0|s=0.25|bw=0.0,0.9256961799809998,5
cnn_full_leadwise,1,joint|k=2|s=0.0|bw=0.0,0.9228179437318762,5
cnn_full_leadwise,1,joint|k=2|s=0.1|bw=0.0,0.922593013870365,5
cnn_full_leadwise,1,joint|k=2|s=0.25|bw=0.0,0.9208880027923836,5
cnn_full_leadwise,1,joint|k=4|s=0.0|bw=0.0,0.9153462631004434,5
cnn_full_leadwise,1,joint|k=4|s=0.1|bw=0.0,0.9154711752448307,5
cnn_full_leadwise,1,joint|k=4|s=0.25|bw=0.0,0.9158213117232418,5
cnn_full_leadwise,1,joint|k=6|s=0.0|bw=0.0,0.9028493102197851,5
cnn_full_leadwise,1,joint|k=6|s=0.1|bw=0.0,0.902678993388547,5
cnn_full_leadwise,1,joint|k=6|s=0.25|bw=0.0,0.900522461981913,5
cnn_full_leadwise,1,joint|k=8|s=0.0|bw=0.0,0.8706779233500063,5
cnn_full_leadwise,1,joint|k=8|s=0.1|bw=0.0,0.8688778638867826,5
cnn_full_leadwise,1,joint|k=8|s=0.25|bw=0.0,0.8665763696568425,5
cnn_full_leadwise,2,missing|k=0|s=0.0|bw=0.0,0.9262115686097385,5
cnn_full_leadwise,2,missing|k=1|s=0.0|bw=0.0,0.9247593170947562,5
cnn_full_leadwise,2,missing|k=2|s=0.0|bw=0.0,0.9208558221586582,5
cnn_full_leadwise,2,missing|k=3|s=0.0|bw=0.0,0.9191311027424931,5
cnn_full_leadwise,2,missing|k=4|s=0.0|bw=0.0,0.9133122485816452,5
cnn_full_leadwise,2,missing|k=6|s=0.0|bw=0.0,0.9023843832262208,5
cnn_full_leadwise,2,missing|k=8|s=0.0|bw=0.0,0.8707247872370705,5
cnn_full_leadwise,2,missing|k=10|s=0.0|bw=0.0,0.7608566523884484,5
cnn_full_leadwise,2,missing|k=12|s=0.0|bw=0.0,0.5014782517978608,5
cnn_full_leadwise,2,noise|k=0|s=0.05|bw=0.0,0.9261617710323546,5
cnn_full_leadwise,2,noise|k=0|s=0.1|bw=0.0,0.9259506009226127,5
cnn_full_leadwise,2,noise|k=0|s=0.15|bw=0.0,0.9256854422924468,5
cnn_full_leadwise,2,noise|k=0|s=0.2|bw=0.0,0.9253221102687685,5
cnn_full_leadwise,2,noise|k=0|s=0.25|bw=0.0,0.9244708872797455,5
cnn_full_leadwise,2,noise|k=0|s=0.5|bw=0.0,0.9182878595074404,5
cnn_full_leadwise,2,bw|k=0|s=0.0|bw=0.25,0.9261137752463948,5
cnn_full_leadwise,2,bw|k=0|s=0.0|bw=0.5,0.9254677710350976,5
cnn_full_leadwise,2,bw|k=0|s=0.0|bw=1.0,0.9200754710431445,5
cnn_full_leadwise,2,joint|k=0|s=0.0|bw=0.0,0.9262115686097385,5
cnn_full_leadwise,2,joint|k=0|s=0.1|bw=0.0,0.9259865072785433,5
cnn_full_leadwise,2,joint|k=0|s=0.25|bw=0.0,0.9246431221245315,5
cnn_full_leadwise,2,joint|k=2|s=0.0|bw=0.0,0.9218329504387961,5
cnn_full_leadwise,2,joint|k=2|s=0.1|bw=0.0,0.9215583298162777,5
cnn_full_leadwise,2,joint|k=2|s=0.25|bw=0.0,0.9193336696661097,5
cnn_full_leadwise,2,joint|k=4|s=0.0|bw=0.0,0.914594462602689,5
cnn_full_leadwise,2,joint|k=4|s=0.1|bw=0.0,0.91468174156746,5
cnn_full_leadwise,2,joint|k=4|s=0.25|bw=0.0,0.9141483715738289,5
cnn_full_leadwise,2,joint|k=6|s=0.0|bw=0.0,0.9006468681048767,5
cnn_full_leadwise,2,joint|k=6|s=0.1|bw=0.0,0.90011108679264,5
cnn_full_leadwise,2,joint|k=6|s=0.25|bw=0.0,0.8989761528721036,5
cnn_full_leadwise,2,joint|k=8|s=0.0|bw=0.0,0.8716526678293613,5
cnn_full_leadwise,2,joint|k=8|s=0.1|bw=0.0,0.8702502409080433,5
cnn_full_leadwise,2,joint|k=8|s=0.25|bw=0.0,0.8661200012556962,5
cnn_full,0,missing|k=0|s=0.0|bw=0.0,0.9260112998372076,5
cnn_full,0,missing|k=1|s=0.0|bw=0.0,0.9238099031280195,5
cnn_full,0,missing|k=2|s=0.0|bw=0.0,0.9207424885238826,5
cnn_full,0,missing|k=3|s=0.0|bw=0.0,0.918925693112992,5
cnn_full,0,missing|k=4|s=0.0|bw=0.0,0.9137813262435115,5
cnn_full,0,missing|k=6|s=0.0|bw=0.0,0.9038643528379314,5
cnn_full,0,missing|k=8|s=0.0|bw=0.0,0.8703344131795173,5
cnn_full,0,missing|k=10|s=0.0|bw=0.0,0.7628946606899654,5
cnn_full,0,missing|k=12|s=0.0|bw=0.0,0.5001779127196299,5
cnn_full,0,noise|k=0|s=0.05|bw=0.0,0.9260097163572709,5
cnn_full,0,noise|k=0|s=0.1|bw=0.0,0.9258287580723815,5
cnn_full,0,noise|k=0|s=0.15|bw=0.0,0.9254287814650493,5
cnn_full,0,noise|k=0|s=0.2|bw=0.0,0.9250171450756411,5
cnn_full,0,noise|k=0|s=0.25|bw=0.0,0.9238109384526606,5
cnn_full,0,noise|k=0|s=0.5|bw=0.0,0.916696135761071,5
cnn_full,0,bw|k=0|s=0.0|bw=0.25,0.9257772381530192,5
cnn_full,0,bw|k=0|s=0.0|bw=0.5,0.9249229016895726,5
cnn_full,0,bw|k=0|s=0.0|bw=1.0,0.9184390986629779,5
cnn_full,0,joint|k=0|s=0.0|bw=0.0,0.9260112998372076,5
cnn_full,0,joint|k=0|s=0.1|bw=0.0,0.9257852369332887,5
cnn_full,0,joint|k=0|s=0.25|bw=0.0,0.9241435435657628,5
cnn_full,0,joint|k=2|s=0.0|bw=0.0,0.9220162521846547,5
cnn_full,0,joint|k=2|s=0.1|bw=0.0,0.9210276869806642,5
cnn_full,0,joint|k=2|s=0.25|bw=0.0,0.919223666539898,5
cnn_full,0,joint|k=4|s=0.0|bw=0.0,0.9143320137418816,5
cnn_full,0,joint|k=4|s=0.1|bw=0.0,0.9151152101684958,5
cnn_full,0,joint|k=4|s=0.25|bw=0.0,0.9129688478967273,5
cnn_full,0,joint|k=6|s=0.0|bw=0.0,0.9018358316006309,5
cnn_full,0,joint|k=6|s=0.1|bw=0.0,0.901153633959448,5
cnn_full,0,joint|k=6|s=0.25|bw=0.0,0.9003232877870951,5
cnn_full,0,joint|k=8|s=0.0|bw=0.0,0.8726044376650479,5
cnn_full,0,joint|k=8|s=0.1|bw=0.0,0.8720426529767844,5
cnn_full,0,joint|k=8|s=0.25|bw=0.0,0.8689066263988618,5
cnn_full,1,missing|k=0|s=0.0|bw=0.0,0.92592320089398,5
cnn_full,1,missing|k=1|s=0.0|bw=0.0,0.924298058830432,5
cnn_full,1,missing|k=2|s=0.0|bw=0.0,0.9206560636561664,5
cnn_full,1,missing|k=3|s=0.0|bw=0.0,0.9190383062835534,5
cnn_full,1,missing|k=4|s=0.0|bw=0.0,0.9143893171771159,5
cnn_full,1,missing|k=6|s=0.0|bw=0.0,0.9046045168443421,5
cnn_full,1,missing|k=8|s=0.0|bw=0.0,0.8716271541765115,5
cnn_full,1,missing|k=10|s=0.0|bw=0.0,0.7588988184735348,5
cnn_full,1,missing|k=12|s=0.0|bw=0.0,0.5024072125084148,5
cnn_full,1,noise|k=0|s=0.05|bw=0.0,0.9258679091579747,5
cnn_full,1,noise|k=0|s=0.1|bw=0.0,0.9256972475597364,5
cnn_full,1,noise|k=0|s=0.15|bw=0.0,0.9253227732902939,5
cnn_full,1,noise|k=0|s=0.2|bw=0.0,0.9247427262101209,5
cnn_full,1,noise|k=0|s=0.25|bw=0.0,0.9230838997116955,5
cnn_full,1,noise|k=0|s=0.5|bw=0.0,0.911208061232055,5
cnn_full,1,bw|k=0|s=0.0|bw=0.25,0.9257226104229617,5
cnn_full,1,bw|k=0|s=0.0|bw=0.5,0.9248207810593833,5
cnn_full,1,bw|k=0|s=0.0|bw=1.0,0.9194855373626343,5
cnn_full,1,joint|k=0|s=0.0|bw=0.0,0.92592320089398,5
cnn_full,1,joint|k=0|s=0.1|bw=0.0,0.9257113914631384,5
cnn_full,1,joint|k=0|s=0.25|bw=0.0,0.9231674885685079,5
cnn_full,1,joint|k=2|s=0.0|bw=0.0,0.9212844831381787,5
cnn_full,1,joint|k=2|s=0.1|bw=0.0,0.9215215004075897,5
cnn_full,1,joint|k=2|s=0.25|bw=0.0,0.9182657466219555,5
cnn_full,1,joint|k=4|s=0.0|bw=0.0,0.9146747918489353,5
cnn_full,1,joint|k=4|s=0.1|bw=0.0,0.9146798916884562,5
cnn_full,1,joint|k=4|s=0.25|bw=0.0,0.9139379285828747,5
cnn_full,1,joint|k=6|s=0.0|bw=0.0,0.901920675559073,5
cnn_full,1,joint|k=6|s=0.1|bw=0.0,0.9021569710310959,5
cnn_full,1,joint|k=6|s=0.25|bw=0.0,0.9003617400869196,5
cnn_full,1,joint|k=8|s=0.0|bw=0.0,0.8717604589862711,5
cnn_full,1,joint|k=8|s=0.1|bw=0.0,0.8715966654244344,5
cnn_full,1,joint|k=8|s=0.25|bw=0.0,0.8689148140620194,5
cnn_full,2,missing|k=0|s=0.0|bw=0.0,0.9265618919389367,5
cnn_full,2,missing|k=1|s=0.0|bw=0.0,0.925058544214694,5
cnn_full,2,missing|k=2|s=0.0|bw=0.0,0.9218986180314845,5
cnn_full,2,missing|k=3|s=0.0|bw=0.0,0.9196599533630785,5
cnn_full,2,missing|k=4|s=0.0|bw=0.0,0.9143206097529761,5
cnn_full,2,missing|k=6|s=0.0|bw=0.0,0.9040982250453615,5
cnn_full,2,missing|k=8|s=0.0|bw=0.0,0.8697008093504077,5
cnn_full,2,missing|k=10|s=0.0|bw=0.0,0.7703266875705893,5
cnn_full,2,missing|k=12|s=0.0|bw=0.0,0.49674226103727365,5
cnn_full,2,noise|k=0|s=0.05|bw=0.0,0.9265060225728368,5
cnn_full,2,noise|k=0|s=0.1|bw=0.0,0.9263389665984534,5
cnn_full,2,noise|k=0|s=0.15|bw=0.0,0.9257082085376153,5
cnn_full,2,noise|k=0|s=0.2|bw=0.0,0.9247391323890437,5
cnn_full,2,noise|k=0|s=0.25|bw=0.0,0.9233063674967035,5
cnn_full,2,noise|k=0|s=0.5|bw=0.0,0.9132221813409392,5
cnn_full,2,bw|k=0|s=0.0|bw=0.25,0.9263651016649886,5
cnn_full,2,bw|k=0|s=0.0|bw=0.5,0.925736086368981,5
cnn_full,2,bw|k=0|s=0.0|bw=1.0,0.9195605999369219,5
cnn_full,2,joint|k=0|s=0.0|bw=0.0,0.9265618919389367,5
cnn_full,2,joint|k=0|s=0.1|bw=0.0,0.9262973672217715,5
cnn_full,2,joint|k=0|s=0.25|bw=0.0,0.9235166567292529,5
cnn_full,2,joint|k=2|s=0.0|bw=0.0,0.9229694794504771,5
cnn_full,2,joint|k=2|s=0.1|bw=0.0,0.9220340293280174,5
cnn_full,2,joint|k=2|s=0.25|bw=0.0,0.9183551695690575,5
cnn_full,2,joint|k=4|s=0.0|bw=0.0,0.9155033633699945,5
cnn_full,2,joint|k=4|s=0.1|bw=0.0,0.9148918261616388,5
cnn_full,2,joint|k=4|s=0.25|bw=0.0,0.9134468323495911,5
cnn_full,2,joint|k=6|s=0.0|bw=0.0,0.902132964690154,5
cnn_full,2,joint|k=6|s=0.1|bw=0.0,0.9017829121474948,5
cnn_full,2,joint|k=6|s=0.25|bw=0.0,0.9002775108809347,5
cnn_full,2,joint|k=8|s=0.0|bw=0.0,0.8699838882369189,5
cnn_full,2,joint|k=8|s=0.1|bw=0.0,0.8705611832420086,5
cnn_full,2,joint|k=8|s=0.25|bw=0.0,0.86789546249302,5
cnn_fused_gated,0,missing|k=0|s=0.0|bw=0.0,0.9290248303065954,5
cnn_fused_gated,0,missing|k=1|s=0.0|bw=0.0,0.9270692013398175,5
cnn_fused_gated,0,missing|k=2|s=0.0|bw=0.0,0.9236952814601688,5
cnn_fused_gated,0,missing|k=3|s=0.0|bw=0.0,0.920906409589606,5
cnn_fused_gated,0,missing|k=4|s=0.0|bw=0.0,0.9154317855534577,5
cnn_fused_gated,0,missing|k=6|s=0.0|bw=0.0,0.9039285542755877,5
cnn_fused_gated,0,missing|k=8|s=0.0|bw=0.0,0.8723011544825257,5
cnn_fused_gated,0,missing|k=10|s=0.0|bw=0.0,0.794254690564897,5
cnn_fused_gated,0,missing|k=12|s=0.0|bw=0.0,0.5000350228702445,5
cnn_fused_gated,0,noise|k=0|s=0.05|bw=0.0,0.9283935257048842,5
cnn_fused_gated,0,noise|k=0|s=0.1|bw=0.0,0.9251804150151102,5
cnn_fused_gated,0,noise|k=0|s=0.15|bw=0.0,0.9242446515226957,5
cnn_fused_gated,0,noise|k=0|s=0.2|bw=0.0,0.9245121584369942,5
cnn_fused_gated,0,noise|k=0|s=0.25|bw=0.0,0.9240069004045077,5
cnn_fused_gated,0,noise|k=0|s=0.5|bw=0.0,0.9204836012985643,5
cnn_fused_gated,0,bw|k=0|s=0.0|bw=0.25,0.9289731393413463,5
cnn_fused_gated,0,bw|k=0|s=0.0|bw=0.5,0.92844428324531,5
cnn_fused_gated,0,bw|k=0|s=0.0|bw=1.0,0.9234050522167024,5
cnn_fused_gated,0,joint|k=0|s=0.0|bw=0.0,0.9290248303065954,5
cnn_fused_gated,0,joint|k=0|s=0.1|bw=0.0,0.9252064144780121,5
cnn_fused_gated,0,joint|k=0|s=0.25|bw=0.0,0.9242619553952791,5
cnn_fused_gated,0,joint|k=2|s=0.0|bw=0.0,0.9243107448313508,5
cnn_fused_gated,0,joint|k=2|s=0.1|bw=0.0,0.9200999777883055,5
cnn_fused_gated,0,joint|k=2|s=0.25|bw=0.0,0.9191519713521261,5
cnn_fused_gated,0,joint|k=4|s=0.0|bw=0.0,0.9150201646150492,5
cnn_fused_gated,0,joint|k=4|s=0.1|bw=0.0,0.9132354291532483,5
cnn_fused_gated,0,joint|k=4|s=0.25|bw=0.0,0.9109062603523187,5
cnn_fused_gated,0,joint|k=6|s=0.0|bw=0.0,0.9024155937831828,5
cnn_fused_gated,0,joint|k=6|s=0.1|bw=0.0,0.8983426204054691,5
cnn_fused_gated,0,joint|k=6|s=0.25|bw=0.0,0.8959077586157992,5
cnn_fused_gated,0,joint|k=8|s=0.0|bw=0.0,0.874423275511344,5
cnn_fused_gated,0,joint|k=8|s=0.1|bw=0.0,0.8709427428176065,5
cnn_fused_gated,0,joint|k=8|s=0.25|bw=0.0,0.8662217898869254,5
cnn_fused_gated,1,missing|k=0|s=0.0|bw=0.0,0.9294968717686649,5
cnn_fused_gated,1,missing|k=1|s=0.0|bw=0.0,0.9271929494233495,5
cnn_fused_gated,1,missing|k=2|s=0.0|bw=0.0,0.923092395850493,5
cnn_fused_gated,1,missing|k=3|s=0.0|bw=0.0,0.9211571861249169,5
cnn_fused_gated,1,missing|k=4|s=0.0|bw=0.0,0.9157957676438528,5
cnn_fused_gated,1,missing|k=6|s=0.0|bw=0.0,0.9017463560514223,5
cnn_fused_gated,1,missing|k=8|s=0.0|bw=0.0,0.8673860874407348,5
cnn_fused_gated,1,missing|k=10|s=0.0|bw=0.0,0.7684273518420495,5
cnn_fused_gated,1,missing|k=12|s=0.0|bw=0.0,0.5037621416589008,5
cnn_fused_gated,1,noise|k=0|s=0.05|bw=0.0,0.9280662719832286,5
cnn_fused_gated,1,noise|k=0|s=0.1|bw=0.0,0.9240132223759587,5
cnn_fused_gated,1,noise|k=0|s=0.15|bw=0.0,0.9222711436980315,5
cnn_fused_gated,1,noise|k=0|s=0.2|bw=0.0,0.921643212249408,5
cnn_fused_gated,1,noise|k=0|s=0.25|bw=0.0,0.9204561799905495,5
cnn_fused_gated,1,noise|k=0|s=0.5|bw=0.0,0.9070144975818621,5
cnn_fused_gated,1,bw|k=0|s=0.0|bw=0.25,0.9294812893964858,5
cnn_fused_gated,1,bw|k=0|s=0.0|bw=0.5,0.9289374530463597,5
cnn_fused_gated,1,bw|k=0|s=0.0|bw=1.0,0.9232686871617792,5
cnn_fused_gated,1,joint|k=0|s=0.0|bw=0.0,0.9294968717686649,5
cnn_fused_gated,1,joint|k=0|s=0.1|bw=0.0,0.9240566993720684,5
cnn_fused_gated,1,joint|k=0|s=0.25|bw=0.0,0.9203751706584591,5
cnn_fused_gated,1,joint|k=2|s=0.0|bw=0.0,0.9246051466366249,5
cnn_fused_gated,1,joint|k=2|s=0.1|bw=0.0,0.9193836435780518,5
cnn_fused_gated,1,joint|k=2|s=0.25|bw=0.0,0.9151714644902352,5
cnn_fused_gated,1,joint|k=4|s=0.0|bw=0.0,0.9153112102355173,5
cnn_fused_gated,1,joint|k=4|s=0.1|bw=0.0,0.9112903247195778,5
cnn_fused_gated,1,joint|k=4|s=0.25|bw=0.0,0.9080289863373366,5
cnn_fused_gated,1,joint|k=6|s=0.0|bw=0.0,0.9008433419160129,5
cnn_fused_gated,1,joint|k=6|s=0.1|bw=0.0,0.8948394858247131,5
cnn_fused_gated,1,joint|k=6|s=0.25|bw=0.0,0.8915208413212404,5
cnn_fused_gated,1,joint|k=8|s=0.0|bw=0.0,0.8693027049045126,5
cnn_fused_gated,1,joint|k=8|s=0.1|bw=0.0,0.8617558464739721,5
cnn_fused_gated,1,joint|k=8|s=0.25|bw=0.0,0.8534617351941177,5
cnn_fused_gated,2,missing|k=0|s=0.0|bw=0.0,0.9294017284051789,5
cnn_fused_gated,2,missing|k=1|s=0.0|bw=0.0,0.9275409934420129,5
cnn_fused_gated,2,missing|k=2|s=0.0|bw=0.0,0.9235479660387196,5
cnn_fused_gated,2,missing|k=3|s=0.0|bw=0.0,0.9216852322134587,5
cnn_fused_gated,2,missing|k=4|s=0.0|bw=0.0,0.9160547074053931,5
cnn_fused_gated,2,missing|k=6|s=0.0|bw=0.0,0.9047177855776953,5
cnn_fused_gated,2,missing|k=8|s=0.0|bw=0.0,0.873977859374448,5
cnn_fused_gated,2,missing|k=10|s=0.0|bw=0.0,0.793834457223724,5
cnn_fused_gated,2,missing|k=12|s=0.0|bw=0.0,0.4959464065750998,5
cnn_fused_gated,2,noise|k=0|s=0.05|bw=0.0,0.9290931396076626,5
cnn_fused_gated,2,noise|k=0|s=0.1|bw=0.0,0.9251028474305738,5
cnn_fused_gated,2,noise|k=0|s=0.15|bw=0.0,0.9233459042639742,5
cnn_fused_gated,2,noise|k=0|s=0.2|bw=0.0,0.922736316080823,5
cnn_fused_gated,2,noise|k=0|s=0.25|bw=0.0,0.921845980705702,5
cnn_fused_gated,2,noise|k=0|s=0.5|bw=0.0,0.9082905710947606,5
cnn_fused_gated,2,bw|k=0|s=0.0|bw=0.25,0.9293486868307103,5
cnn_fused_gated,2,bw|k=0|s=0.0|bw=0.5,0.9291691654979006,5
cnn_fused_gated,2,bw|k=0|s=0.0|bw=1.0,0.9239533473670862,5
cnn_fused_gated,2,joint|k=0|s=0.0|bw=0.0,0.9294017284051789,5
cnn_fused_gated,2,joint|k=0|s=0.1|bw=0.0,0.925099650918562,5
cnn_fused_gated,2,joint|k=0|s=0.25|bw=0.0,0.9220231204874374,5
cnn_fused_gated,2,joint|k=2|s=0.0|bw=0.0,0.925195413677556,5
cnn_fused_gated,2,joint|k=2|s=0.1|bw=0.0,0.9196099304943998,5
cnn_fused_gated,2,joint|k=2|s=0.25|bw=0.0,0.9162954452373026,5
cnn_fused_gated,2,joint|k=4|s=0.0|bw=0.0,0.916560356504801,5
cnn_fused_gated,2,joint|k=4|s=0.1|bw=0.0,0.9122262189749731,5
cnn_fused_gated,2,joint|k=4|s=0.25|bw=0.0,0.9097690239387781,5
cnn_fused_gated,2,joint|k=6|s=0.0|bw=0.0,0.9027487920762793,5
cnn_fused_gated,2,joint|k=6|s=0.1|bw=0.0,0.8981385511138136,5
cnn_fused_gated,2,joint|k=6|s=0.25|bw=0.0,0.894334761679423,5
cnn_fused_gated,2,joint|k=8|s=0.0|bw=0.0,0.8758592746362854,5
cnn_fused_gated,2,joint|k=8|s=0.1|bw=0.0,0.8700867315964977,5
cnn_fused_gated,2,joint|k=8|s=0.25|bw=0.0,0.8658281073915856,5
inception_aug,0,missing|k=0|s=0.0|bw=0.0,0.9277006408094618,5
inception_aug,0,missing|k=1|s=0.0|bw=0.0,0.9254419526103037,5
inception_aug,0,missing|k=2|s=0.0|bw=0.0,0.9208757876889768,5
inception_aug,0,missing|k=3|s=0.0|bw=0.0,0.9190689947592319,5
inception_aug,0,missing|k=4|s=0.0|bw=0.0,0.912708629318433,5
inception_aug,0,missing|k=6|s=0.0|bw=0.0,0.8987783109461187,5
inception_aug,0,missing|k=8|s=0.0|bw=0.0,0.8614808402355193,5
inception_aug,0,missing|k=10|s=0.0|bw=0.0,0.7495635058228689,5
inception_aug,0,missing|k=12|s=0.0|bw=0.0,0.5,5
inception_aug,0,noise|k=0|s=0.05|bw=0.0,0.9277906011774851,5
inception_aug,0,noise|k=0|s=0.1|bw=0.0,0.9277958323375242,5
inception_aug,0,noise|k=0|s=0.15|bw=0.0,0.9276235473723068,5
inception_aug,0,noise|k=0|s=0.2|bw=0.0,0.9272880923418676,5
inception_aug,0,noise|k=0|s=0.25|bw=0.0,0.9262284796966295,5
inception_aug,0,noise|k=0|s=0.5|bw=0.0,0.9178632329210512,5
inception_aug,0,bw|k=0|s=0.0|bw=0.25,0.9275923068180374,5
inception_aug,0,bw|k=0|s=0.0|bw=0.5,0.926413730119781,5
inception_aug,0,bw|k=0|s=0.0|bw=1.0,0.9195317616687821,5
inception_aug,0,joint|k=0|s=0.0|bw=0.0,0.9277006408094618,5
inception_aug,0,joint|k=0|s=0.1|bw=0.0,0.927794617583029,5
inception_aug,0,joint|k=0|s=0.25|bw=0.0,0.9261892572790373,5
inception_aug,0,joint|k=2|s=0.0|bw=0.0,0.9223490867207801,5
inception_aug,0,joint|k=2|s=0.1|bw=0.0,0.9220978853148584,5
inception_aug,0,joint|k=2|s=0.25|bw=0.0,0.9205973422903675,5
inception_aug,0,joint|k=4|s=0.0|bw=0.0,0.9129765562219557,5
inception_aug,0,joint|k=4|s=0.1|bw=0.0,0.9136551885785213,5
inception_aug,0,joint|k=4|s=0.25|bw=0.0,0.9133701839586312,5
inception_aug,0,joint|k=6|s=0.0|bw=0.0,0.8973319428990127,5
inception_aug,0,joint|k=6|s=0.1|bw=0.0,0.8977977295993844,5
inception_aug,0,joint|k=6|s=0.25|bw=0.0,0.8973421342945651,5
inception_aug,0,joint|k=8|s=0.0|bw=0.0,0.8622950081898667,5
inception_aug,0,joint|k=8|s=0.1|bw=0.0,0.8631784137550202,5
inception_aug,0,joint|k=8|s=0.25|bw=0.0,0.8594356694066743,5
inception_aug,1,missing|k=0|s=0.0|bw=0.0,0.9292699966553825,5
inception_aug,1,missing|k=1|s=0.0|bw=0.0,0.92705034807244,5
inception_aug,1,missing|k=2|s=0.0|bw=0.0,0.9226564190717526,5
inception_aug,1,missing|k=3|s=0.0|bw=0.0,0.9214397119666182,5
inception_aug,1,missing|k=4|s=0.0|bw=0.0,0.9142517979889357,5
inception_aug,1,missing|k=6|s=0.0|bw=0.0,0.9006862603073049,5
inception_aug,1,missing|k=8|s=0.0|bw=0.0,0.8658652809477514,5
inception_aug,1,missing|k=10|s=0.0|bw=0.0,0.7681878045523743,5
inception_aug,1,missing|k=12|s=0.0|bw=0.0,0.5,5
inception_aug,1,noise|k=0|s=0.05|bw=0.0,0.9292751620416164,5
inception_aug,1,noise|k=0|s=0.1|bw=0.0,0.9290571007535497,5
inception_aug,1,noise|k=0|s=0.15|bw=0.0,0.9285968737329495,5
inception_aug,1,noise|k=0|s=0.2|bw=0.0,0.9278940953246575,5
inception_aug,1,noise|k=0|s=0.25|bw=0.0,0.9263642181223368,5
inception_aug,1,noise|k=0|s=0.5|bw=0.0,0.9130674780783259,5
inception_aug,1,bw|k=0|s=0.0|bw=0.25,0.9289486659586823,5
inception_aug,1,bw|k=0|s=0.0|bw=0.5,0.9274168776816593,5
inception_aug,1,bw|k=0|s=0.0|bw=1.0,0.9194867623583247,5
inception_aug,1,joint|k=0|s=0.0|bw=0.0,0.9292699966553825,5
inception_aug,1,joint|k=0|s=0.1|bw=0.0,0.9290434041232262,5
inception_aug,1,joint|k=0|s=0.25|bw=0.0,0.9263619950181147,5
inception_aug,1,joint|k=2|s=0.0|bw=0.0,0.924175157837651,5
inception_aug,1,joint|k=2|s=0.1|bw=0.0,0.9241761310924881,5
inception_aug,1,joint|k=2|s=0.25|bw=0.0,0.9206411446723164,5
inception_aug,1,joint|k=4|s=0.0|bw=0.0,0.9146729700685843,5
inception_aug,1,joint|k=4|s=0.1|bw=0.0,0.9149464840368836,5
inception_aug,1,joint|k=4|s=0.25|bw=0.0,0.914194470484546,5
inception_aug,1,joint|k=6|s=0.0|bw=0.0,0.899141117114364,5
inception_aug,1,joint|k=6|s=0.1|bw=0.0,0.8991124623223433,5
inception_aug,1,joint|k=6|s=0.25|bw=0.0,0.8966436910073174,5
inception_aug,1,joint|k=8|s=0.0|bw=0.0,0.8664066582388674,5
inception_aug,1,joint|k=8|s=0.1|bw=0.0,0.8673606240482761,5
inception_aug,1,joint|k=8|s=0.25|bw=0.0,0.8622044576026966,5
inception_aug,2,missing|k=0|s=0.0|bw=0.0,0.9289014673219675,5
inception_aug,2,missing|k=1|s=0.0|bw=0.0,0.9264178871419588,5
inception_aug,2,missing|k=2|s=0.0|bw=0.0,0.922301967140646,5
inception_aug,2,missing|k=3|s=0.0|bw=0.0,0.9209228127802772,5
inception_aug,2,missing|k=4|s=0.0|bw=0.0,0.9140001221721137,5
inception_aug,2,missing|k=6|s=0.0|bw=0.0,0.8997267064302681,5
inception_aug,2,missing|k=8|s=0.0|bw=0.0,0.8623168157032255,5
inception_aug,2,missing|k=10|s=0.0|bw=0.0,0.7537408794871249,5
inception_aug,2,missing|k=12|s=0.0|bw=0.0,0.5,5
inception_aug,2,noise|k=0|s=0.05|bw=0.0,0.9288284755298306,5
inception_aug,2,noise|k=0|s=0.1|bw=0.0,0.9284883510356302,5
inception_aug,2,noise|k=0|s=0.15|bw=0.0,0.9277513047745888,5
inception_aug,2,noise|k=0|s=0.2|bw=0.0,0.9266312953946653,5
inception_aug,2,noise|k=0|s=0.25|bw=0.0,0.9245480908839259,5
inception_aug,2,noise|k=0|s=0.5|bw=0.0,0.9078963376952567,5
inception_aug,2,bw|k=0|s=0.0|bw=0.25,0.9284845395629056,5
inception_aug,2,bw|k=0|s=0.0|bw=0.5,0.926816660529606,5
inception_aug,2,bw|k=0|s=0.0|bw=1.0,0.9184237451580316,5
inception_aug,2,joint|k=0|s=0.0|bw=0.0,0.9289014673219675,5
inception_aug,2,joint|k=0|s=0.1|bw=0.0,0.9285788046593224,5
inception_aug,2,joint|k=0|s=0.25|bw=0.0,0.9244880160911098,5
inception_aug,2,joint|k=2|s=0.0|bw=0.0,0.9237483623930128,5
inception_aug,2,joint|k=2|s=0.1|bw=0.0,0.9233975556950685,5
inception_aug,2,joint|k=2|s=0.25|bw=0.0,0.9192687424009229,5
inception_aug,2,joint|k=4|s=0.0|bw=0.0,0.9139957114453818,5
inception_aug,2,joint|k=4|s=0.1|bw=0.0,0.9142608559971072,5
inception_aug,2,joint|k=4|s=0.25|bw=0.0,0.9129407309526523,5
inception_aug,2,joint|k=6|s=0.0|bw=0.0,0.8986623808369923,5
inception_aug,2,joint|k=6|s=0.1|bw=0.0,0.8977616854948222,5
inception_aug,2,joint|k=6|s=0.25|bw=0.0,0.8962898635788911,5
inception_aug,2,joint|k=8|s=0.0|bw=0.0,0.8616340502027056,5
inception_aug,2,joint|k=8|s=0.1|bw=0.0,0.8625272991784174,5
inception_aug,2,joint|k=8|s=0.25|bw=0.0,0.857952208521505,5
inception_clean,0,missing|k=0|s=0.0|bw=0.0,0.9241905048213411,5
inception_clean,0,missing|k=1|s=0.0|bw=0.0,0.9131567476755167,5
inception_clean,0,missing|k=2|s=0.0|bw=0.0,0.8954571917580421,5
inception_clean,0,missing|k=3|s=0.0|bw=0.0,0.8826442931121778,5
inception_clean,0,missing|k=4|s=0.0|bw=0.0,0.8578543658661314,5
inception_clean,0,missing|k=6|s=0.0|bw=0.0,0.7855986374862772,5
inception_clean,0,missing|k=8|s=0.0|bw=0.0,0.6747967977130732,5
inception_clean,0,missing|k=10|s=0.0|bw=0.0,0.5612281577540941,5
inception_clean,0,missing|k=12|s=0.0|bw=0.0,0.5,5
inception_clean,0,noise|k=0|s=0.05|bw=0.0,0.9239983367321576,5
inception_clean,0,noise|k=0|s=0.1|bw=0.0,0.9233765462573535,5
inception_clean,0,noise|k=0|s=0.15|bw=0.0,0.9220662993641311,5
inception_clean,0,noise|k=0|s=0.2|bw=0.0,0.9199212810093821,5
inception_clean,0,noise|k=0|s=0.25|bw=0.0,0.9160874984489503,5
inception_clean,0,noise|k=0|s=0.5|bw=0.0,0.8841529403052644,5
inception_clean,0,bw|k=0|s=0.0|bw=0.25,0.923402363955567,5
inception_clean,0,bw|k=0|s=0.0|bw=0.5,0.9208148063673649,5
inception_clean,0,bw|k=0|s=0.0|bw=1.0,0.9053709341623979,5
inception_clean,0,joint|k=0|s=0.0|bw=0.0,0.9241905048213411,5
inception_clean,0,joint|k=0|s=0.1|bw=0.0,0.9233409281369103,5
inception_clean,0,joint|k=0|s=0.25|bw=0.0,0.916407518853467,5
inception_clean,0,joint|k=2|s=0.0|bw=0.0,0.8980082284092445,5
inception_clean,0,joint|k=2|s=0.1|bw=0.0,0.8958324098147763,5
inception_clean,0,joint|k=2|s=0.25|bw=0.0,0.886819399678077,5
inception_clean,0,joint|k=4|s=0.0|bw=0.0,0.8539807207196761,5
inception_clean,0,joint|k=4|s=0.1|bw=0.0,0.8547056105488018,5
inception_clean,0,joint|k=4|s=0.25|bw=0.0,0.8439041481078988,5
inception_clean,0,joint|k=6|s=0.0|bw=0.0,0.7881646731803786,5
inception_clean,0,joint|k=6|s=0.1|bw=0.0,0.7854612585238666,5
inception_clean,0,joint|k=6|s=0.25|bw=0.0,0.7709055823443491,5
inception_clean,0,joint|k=8|s=0.0|bw=0.0,0.6774003870328522,5
inception_clean,0,joint|k=8|s=0.1|bw=0.0,0.6759495027479582,5
inception_clean,0,joint|k=8|s=0.25|bw=0.0,0.6605950517027466,5
inception_clean,1,missing|k=0|s=0.0|bw=0.0,0.9274770171335331,5
inception_clean,1,missing|k=1|s=0.0|bw=0.0,0.9173959299088107,5
inception_clean,1,missing|k=2|s=0.0|bw=0.0,0.901385175278881,5
inception_clean,1,missing|k=3|s=0.0|bw=0.0,0.8842082491554342,5
inception_clean,1,missing|k=4|s=0.0|bw=0.0,0.8550780502130306,5
inception_clean,1,missing|k=6|s=0.0|bw=0.0,0.771980089729761,5
inception_clean,1,missing|k=8|s=0.0|bw=0.0,0.6470465325787851,5
inception_clean,1,missing|k=10|s=0.0|bw=0.0,0.54494612260055,5
inception_clean,1,missing|k=12|s=0.0|bw=0.0,0.5,5
inception_clean,1,noise|k=0|s=0.05|bw=0.0,0.9272827403249208,5
inception_clean,1,noise|k=0|s=0.1|bw=0.0,0.9266562319729335,5
inception_clean,1,noise|k=0|s=0.15|bw=0.0,0.9252149620674224,5
inception_clean,1,noise|k=0|s=0.2|bw=0.0,0.9228458355952668,5
inception_clean,1,noise|k=0|s=0.25|bw=0.0,0.9188766738778493,5
inception_clean,1,noise|k=0|s=0.5|bw=0.0,0.8737232900891497,5
inception_clean,1,bw|k=0|s=0.0|bw=0.25,0.9270165735646252,5
inception_clean,1,bw|k=0|s=0.0|bw=0.5,0.9247151663950508,5
inception_clean,1,bw|k=0|s=0.0|bw=1.0,0.9073049102144152,5
inception_clean,1,joint|k=0|s=0.0|bw=0.0,0.9274770171335331,5
inception_clean,1,joint|k=0|s=0.1|bw=0.0,0.9266042543790803,5
inception_clean,1,joint|k=0|s=0.25|bw=0.0,0.9189601028133552,5
inception_clean,1,joint|k=2|s=0.0|bw=0.0,0.902767069797914,5
inception_clean,1,joint|k=2|s=0.1|bw=0.0,0.9006452201012186,5
inception_clean,1,joint|k=2|s=0.25|bw=0.0,0.8904278009631772,5
inception_clean,1,joint|k=4|s=0.0|bw=0.0,0.8524658786084209,5
inception_clean,1,joint|k=4|s=0.1|bw=0.0,0.85300094409588,5
inception_clean,1,joint|k=4|s=0.25|bw=0.0,0.8428357606112288,5
inception_clean,1,joint|k=6|s=0.0|bw=0.0,0.7721972788926877,5
inception_clean,1,joint|k=6|s=0.1|bw=0.0,0.7693575760562658,5
inception_clean,1,joint|k=6|s=0.25|bw=0.0,0.7528793686456183,5
inception_clean,1,joint|k=8|s=0.0|bw=0.0,0.6553081658084805,5
inception_clean,1,joint|k=8|s=0.1|bw=0.0,0.6506781087693179,5
inception_clean,1,joint|k=8|s=0.25|bw=0.0,0.637191436079056,5
inception_clean,2,missing|k=0|s=0.0|bw=0.0,0.9264179550448315,5
inception_clean,2,missing|k=1|s=0.0|bw=0.0,0.9137759753274095,5
inception_clean,2,missing|k=2|s=0.0|bw=0.0,0.8930340105297413,5
inception_clean,2,missing|k=3|s=0.0|bw=0.0,0.8737325131040482,5
inception_clean,2,missing|k=4|s=0.0|bw=0.0,0.8391201894375676,5
inception_clean,2,missing|k=6|s=0.0|bw=0.0,0.7543606081732344,5
inception_clean,2,missing|k=8|s=0.0|bw=0.0,0.6306773696424148,5
inception_clean,2,missing|k=10|s=0.0|bw=0.0,0.5329115523643051,5
inception_clean,2,missing|k=12|s=0.0|bw=0.0,0.5,5
inception_clean,2,noise|k=0|s=0.05|bw=0.0,0.9260646358909778,5
inception_clean,2,noise|k=0|s=0.1|bw=0.0,0.9253849042435833,5
inception_clean,2,noise|k=0|s=0.15|bw=0.0,0.9240068839738598,5
inception_clean,2,noise|k=0|s=0.2|bw=0.0,0.9217855863723458,5
inception_clean,2,noise|k=0|s=0.25|bw=0.0,0.9176021175633663,5
inception_clean,2,noise|k=0|s=0.5|bw=0.0,0.8759699428166998,5
inception_clean,2,bw|k=0|s=0.0|bw=0.25,0.9257630356990771,5
inception_clean,2,bw|k=0|s=0.0|bw=0.5,0.9210913723965873,5
inception_clean,2,bw|k=0|s=0.0|bw=1.0,0.8936416896274817,5
inception_clean,2,joint|k=0|s=0.0|bw=0.0,0.9264179550448315,5
inception_clean,2,joint|k=0|s=0.1|bw=0.0,0.9253420256242297,5
inception_clean,2,joint|k=0|s=0.25|bw=0.0,0.9178042503202134,5
inception_clean,2,joint|k=2|s=0.0|bw=0.0,0.8946730597068665,5
inception_clean,2,joint|k=2|s=0.1|bw=0.0,0.8933471747146875,5
inception_clean,2,joint|k=2|s=0.25|bw=0.0,0.8796379849295375,5
inception_clean,2,joint|k=4|s=0.0|bw=0.0,0.8358147225588997,5
inception_clean,2,joint|k=4|s=0.1|bw=0.0,0.8360706513499008,5
inception_clean,2,joint|k=4|s=0.25|bw=0.0,0.8265810282607406,5
inception_clean,2,joint|k=6|s=0.0|bw=0.0,0.7526922410053632,5
inception_clean,2,joint|k=6|s=0.1|bw=0.0,0.7490003164632941,5
inception_clean,2,joint|k=6|s=0.25|bw=0.0,0.734564649837192,5
inception_clean,2,joint|k=8|s=0.0|bw=0.0,0.6338257076957593,5
inception_clean,2,joint|k=8|s=0.1|bw=0.0,0.6314463753441897,5
inception_clean,2,joint|k=8|s=0.25|bw=0.0,0.6204571153762727,5
resnet_aug_gss,0,missing|k=0|s=0.0|bw=0.0,0.9438031255749278,5
resnet_aug_gss,0,missing|k=1|s=0.0|bw=0.0,0.9411942672756363,5
resnet_aug_gss,0,missing|k=2|s=0.0|bw=0.0,0.9391823369022905,5
resnet_aug_gss,0,missing|k=3|s=0.0|bw=0.0,0.9367466846184789,5
resnet_aug_gss,0,missing|k=4|s=0.0|bw=0.0,0.9324434464885414,5
resnet_aug_gss,0,missing|k=6|s=0.0|bw=0.0,0.9208609728395498,5
resnet_aug_gss,0,missing|k=8|s=0.0|bw=0.0,0.8916147015493406,5
resnet_aug_gss,0,missing|k=10|s=0.0|bw=0.0,0.7851154458681066,5
resnet_aug_gss,0,missing|k=12|s=0.0|bw=0.0,0.5,5
resnet_aug_gss,0,noise|k=0|s=0.05|bw=0.0,0.9438866665510697,5
resnet_aug_gss,0,noise|k=0|s=0.1|bw=0.0,0.9439986314516997,5
resnet_aug_gss,0,noise|k=0|s=0.15|bw=0.0,0.9437233594783766,5
resnet_aug_gss,0,noise|k=0|s=0.2|bw=0.0,0.9431847639362256,5
resnet_aug_gss,0,noise|k=0|s=0.25|bw=0.0,0.9420083544407447,5
resnet_aug_gss,0,noise|k=0|s=0.5|bw=0.0,0.928930745045994,5
resnet_aug_gss,0,bw|k=0|s=0.0|bw=0.25,0.9441955043202167,5
resnet_aug_gss,0,bw|k=0|s=0.0|bw=0.5,0.943549439349548,5
resnet_aug_gss,0,bw|k=0|s=0.0|bw=1.0,0.9340440857466115,5
resnet_aug_gss,0,joint|k=0|s=0.0|bw=0.0,0.9438031255749278,5
resnet_aug_gss,0,joint|k=0|s=0.1|bw=0.0,0.9439489125535253,5
resnet_aug_gss,0,joint|k=0|s=0.25|bw=0.0,0.942048756814542,5
resnet_aug_gss,0,joint|k=2|s=0.0|bw=0.0,0.9386724303730916,5
resnet_aug_gss,0,joint|k=2|s=0.1|bw=0.0,0.9386020238799851,5
resnet_aug_gss,0,joint|k=2|s=0.25|bw=0.0,0.9371265346220623,5
resnet_aug_gss,0,joint|k=4|s=0.0|bw=0.0,0.930908560727367,5
resnet_aug_gss,0,joint|k=4|s=0.1|bw=0.0,0.9333223303931225,5
resnet_aug_gss,0,joint|k=4|s=0.25|bw=0.0,0.9305237592200252,5
resnet_aug_gss,0,joint|k=6|s=0.0|bw=0.0,0.9208230651687226,5
resnet_aug_gss,0,joint|k=6|s=0.1|bw=0.0,0.9206189414967142,5
resnet_aug_gss,0,joint|k=6|s=0.25|bw=0.0,0.9184056980494735,5
resnet_aug_gss,0,joint|k=8|s=0.0|bw=0.0,0.8903605332452024,5
resnet_aug_gss,0,joint|k=8|s=0.1|bw=0.0,0.890708009597561,5
resnet_aug_gss,0,joint|k=8|s=0.25|bw=0.0,0.8879912606109913,5
resnet_aug_gss,1,missing|k=0|s=0.0|bw=0.0,0.9453559859792554,5
resnet_aug_gss,1,missing|k=1|s=0.0|bw=0.0,0.9429064254002523,5
resnet_aug_gss,1,missing|k=2|s=0.0|bw=0.0,0.9404395585639245,5
resnet_aug_gss,1,missing|k=3|s=0.0|bw=0.0,0.9373327964279745,5
resnet_aug_gss,1,missing|k=4|s=0.0|bw=0.0,0.9332086881180727,5
resnet_aug_gss,1,missing|k=6|s=0.0|bw=0.0,0.9207639401342229,5
resnet_aug_gss,1,missing|k=8|s=0.0|bw=0.0,0.8894841409430356,5
resnet_aug_gss,1,missing|k=10|s=0.0|bw=0.0,0.7821732181334144,5
resnet_aug_gss,1,missing|k=12|s=0.0|bw=0.0,0.5,5
resnet_aug_gss,1,noise|k=0|s=0.05|bw=0.0,0.9453622296673257,5
resnet_aug_gss,1,noise|k=0|s=0.1|bw=0.0,0.9454101620240649,5
resnet_aug_gss,1,noise|k=0|s=0.15|bw=0.0,0.9452931394072266,5
resnet_aug_gss,1,noise|k=0|s=0.2|bw=0.0,0.9449330572675366,5
resnet_aug_gss,1,noise|k=0|s=0.25|bw=0.0,0.943949313145912,5
resnet_aug_gss,1,noise|k=0|s=0.5|bw=0.0,0.931365327316937,5
resnet_aug_gss,1,bw|k=0|s=0.0|bw=0.25,0.9456580730323964,5
resnet_aug_gss,1,bw|k=0|s=0.0|bw=0.5,0.9447852975454494,5
resnet_aug_gss,1,bw|k=0|s=0.0|bw=1.0,0.9372071418191709,5
resnet_aug_gss,1,joint|k=0|s=0.0|bw=0.0,0.9453559859792554,5
resnet_aug_gss,1,joint|k=0|s=0.1|bw=0.0,0.9454712679829933,5
resnet_aug_gss,1,joint|k=0|s=0.25|bw=0.0,0.944070629235892,5
resnet_aug_gss,1,joint|k=2|s=0.0|bw=0.0,0.9401388891636332,5
resnet_aug_gss,1,joint|k=2|s=0.1|bw=0.0,0.9402208252603115,5
resnet_aug_gss,1,joint|k=2|s=0.25|bw=0.0,0.9384535465688758,5
resnet_aug_gss,1,joint|k=4|s=0.0|bw=0.0,0.9316008529321756,5
resnet_aug_gss,1,joint|k=4|s=0.1|bw=0.0,0.9331968438664994,5
resnet_aug_gss,1,joint|k=4|s=0.25|bw=0.0,0.9310620739323102,5
resnet_aug_gss,1,joint|k=6|s=0.0|bw=0.0,0.9208530115243528,5
resnet_aug_gss,1,joint|k=6|s=0.1|bw=0.0,0.9206134496001915,5
resnet_aug_gss,1,joint|k=6|s=0.25|bw=0.0,0.9191217411593071,5
resnet_aug_gss,1,joint|k=8|s=0.0|bw=0.0,0.8897745885570651,5
resnet_aug_gss,1,joint|k=8|s=0.1|bw=0.0,0.8901399529747807,5
resnet_aug_gss,1,joint|k=8|s=0.25|bw=0.0,0.8859087886567092,5
resnet_aug_gss,2,missing|k=0|s=0.0|bw=0.0,0.942555120204284,5
resnet_aug_gss,2,missing|k=1|s=0.0|bw=0.0,0.9403666141176281,5
resnet_aug_gss,2,missing|k=2|s=0.0|bw=0.0,0.9382514822333154,5
resnet_aug_gss,2,missing|k=3|s=0.0|bw=0.0,0.9352477985461478,5
resnet_aug_gss,2,missing|k=4|s=0.0|bw=0.0,0.931519788137271,5
resnet_aug_gss,2,missing|k=6|s=0.0|bw=0.0,0.9185853583040977,5
resnet_aug_gss,2,missing|k=8|s=0.0|bw=0.0,0.8876162281208625,5
resnet_aug_gss,2,missing|k=10|s=0.0|bw=0.0,0.7822541403097857,5
resnet_aug_gss,2,missing|k=12|s=0.0|bw=0.0,0.5,5
resnet_aug_gss,2,noise|k=0|s=0.05|bw=0.0,0.942670777765884,5
resnet_aug_gss,2,noise|k=0|s=0.1|bw=0.0,0.9428109164142466,5
resnet_aug_gss,2,noise|k=0|s=0.15|bw=0.0,0.942602894724183,5
resnet_aug_gss,2,noise|k=0|s=0.2|bw=0.0,0.9422183543581187,5
resnet_aug_gss,2,noise|k=0|s=0.25|bw=0.0,0.9412287640924808,5
resnet_aug_gss,2,noise|k=0|s=0.5|bw=0.0,0.9300486518121256,5
resnet_aug_gss,2,bw|k=0|s=0.0|bw=0.25,0.9429153958603209,5
resnet_aug_gss,2,bw|k=0|s=0.0|bw=0.5,0.9424581276379703,5
resnet_aug_gss,2,bw|k=0|s=0.0|bw=1.0,0.9349133281398604,5
resnet_aug_gss,2,joint|k=0|s=0.0|bw=0.0,0.942555120204284,5
resnet_aug_gss,2,joint|k=0|s=0.1|bw=0.0,0.9427408448965247,5
resnet_aug_gss,2,joint|k=0|s=0.25|bw=0.0,0.9410641170970436,5
resnet_aug_gss,2,joint|k=2|s=0.0|bw=0.0,0.9378885449727882,5
resnet_aug_gss,2,joint|k=2|s=0.1|bw=0.0,0.9381720164307593,5
resnet_aug_gss,2,joint|k=2|s=0.25|bw=0.0,0.9369450504323776,5
resnet_aug_gss,2,joint|k=4|s=0.0|bw=0.0,0.9301414909341285,5
resnet_aug_gss,2,joint|k=4|s=0.1|bw=0.0,0.9314113665949094,5
resnet_aug_gss,2,joint|k=4|s=0.25|bw=0.0,0.9292186206637222,5
resnet_aug_gss,2,joint|k=6|s=0.0|bw=0.0,0.9184826134505846,5
resnet_aug_gss,2,joint|k=6|s=0.1|bw=0.0,0.9184189775818183,5
resnet_aug_gss,2,joint|k=6|s=0.25|bw=0.0,0.9169221081031538,5
resnet_aug_gss,2,joint|k=8|s=0.0|bw=0.0,0.8866699852628097,5
resnet_aug_gss,2,joint|k=8|s=0.1|bw=0.0,0.8881089965130625,5
resnet_aug_gss,2,joint|k=8|s=0.25|bw=0.0,0.8840600836916892,5
resnet_aug,0,missing|k=0|s=0.0|bw=0.0,0.9283134797002439,5
resnet_aug,0,missing|k=1|s=0.0|bw=0.0,0.9260125735748425,5
resnet_aug,0,missing|k=2|s=0.0|bw=0.0,0.9214250469035772,5
resnet_aug,0,missing|k=3|s=0.0|bw=0.0,0.9195042835720957,5
resnet_aug,0,missing|k=4|s=0.0|bw=0.0,0.9133225569086836,5
resnet_aug,0,missing|k=6|s=0.0|bw=0.0,0.9011107049837733,5
resnet_aug,0,missing|k=8|s=0.0|bw=0.0,0.8650101714541091,5
resnet_aug,0,missing|k=10|s=0.0|bw=0.0,0.7570255411934366,5
resnet_aug,0,missing|k=12|s=0.0|bw=0.0,0.5,5
resnet_aug,0,noise|k=0|s=0.05|bw=0.0,0.9282928913360384,5
resnet_aug,0,noise|k=0|s=0.1|bw=0.0,0.9280737524476168,5
resnet_aug,0,noise|k=0|s=0.15|bw=0.0,0.9280994934705109,5
resnet_aug,0,noise|k=0|s=0.2|bw=0.0,0.9274521338397174,5
resnet_aug,0,noise|k=0|s=0.25|bw=0.0,0.9261416317621176,5
resnet_aug,0,noise|k=0|s=0.5|bw=0.0,0.9146679019150252,5
resnet_aug,0,bw|k=0|s=0.0|bw=0.25,0.9286185198373937,5
resnet_aug,0,bw|k=0|s=0.0|bw=0.5,0.9278606937679958,5
resnet_aug,0,bw|k=0|s=0.0|bw=1.0,0.9171466542592894,5
resnet_aug,0,joint|k=0|s=0.0|bw=0.0,0.9283134797002439,5
resnet_aug,0,joint|k=0|s=0.1|bw=0.0,0.9283620574418329,5
resnet_aug,0,joint|k=0|s=0.25|bw=0.0,0.9262590596641027,5
resnet_aug,0,joint|k=2|s=0.0|bw=0.0,0.9228830197740235,5
resnet_aug,0,joint|k=2|s=0.1|bw=0.0,0.9228196069408463,5
resnet_aug,0,joint|k=2|s=0.25|bw=0.0,0.9202581520467066,5
resnet_aug,0,joint|k=4|s=0.0|bw=0.0,0.9150651815656154,5
resnet_aug,0,joint|k=4|s=0.1|bw=0.0,0.9146021878868348,5
resnet_aug,0,joint|k=4|s=0.25|bw=0.0,0.9119115343529061,5
resnet_aug,0,joint|k=6|s=0.0|bw=0.0,0.8995887139387927,5
resnet_aug,0,joint|k=6|s=0.1|bw=0.0,0.8985487423587595,5
resnet_aug,0,joint|k=6|s=0.25|bw=0.0,0.8962006043658624,5
resnet_aug,0,joint|k=8|s=0.0|bw=0.0,0.8672530143088542,5
resnet_aug,0,joint|k=8|s=0.1|bw=0.0,0.8654503026624688,5
resnet_aug,0,joint|k=8|s=0.25|bw=0.0,0.8588856733545219,5
resnet_aug,1,missing|k=0|s=0.0|bw=0.0,0.9300538147872294,5
resnet_aug,1,missing|k=1|s=0.0|bw=0.0,0.9274873636420399,5
resnet_aug,1,missing|k=2|s=0.0|bw=0.0,0.9231172687244932,5
resnet_aug,1,missing|k=3|s=0.0|bw=0.0,0.9214647006570651,5
resnet_aug,1,missing|k=4|s=0.0|bw=0.0,0.9136096492191289,5
resnet_aug,1,missing|k=6|s=0.0|bw=0.0,0.9012172307344495,5
resnet_aug,1,missing|k=8|s=0.0|bw=0.0,0.8673925062317828,5
resnet_aug,1,missing|k=10|s=0.0|bw=0.0,0.7670764582548459,5
resnet_aug,1,missing|k=12|s=0.0|bw=0.0,0.5,5
resnet_aug,1,noise|k=0|s=0.05|bw=0.0,0.9299839584529044,5
resnet_aug,1,noise|k=0|s=0.1|bw=0.0,0.9297571393927091,5
resnet_aug,1,noise|k=0|s=0.15|bw=0.0,0.9295199654896706,5
resnet_aug,1,noise|k=0|s=0.2|bw=0.0,0.9289887687271359,5
resnet_aug,1,noise|k=0|s=0.25|bw=0.0,0.9272126898807201,5
resnet_aug,1,noise|k=0|s=0.5|bw=0.0,0.9120435484259872,5
resnet_aug,1,bw|k=0|s=0.0|bw=0.25,0.9299591457156788,5
resnet_aug,1,bw|k=0|s=0.0|bw=0.5,0.9286570136637378,5
resnet_aug,1,bw|k=0|s=0.0|bw=1.0,0.9173417958716901,5
resnet_aug,1,joint|k=0|s=0.0|bw=0.0,0.9300538147872294,5
resnet_aug,1,joint|k=0|s=0.1|bw=0.0,0.9298731765730353,5
resnet_aug,1,joint|k=0|s=0.25|bw=0.0,0.9276878274182512,5
resnet_aug,1,joint|k=2|s=0.0|bw=0.0,0.9243484017652077,5
resnet_aug,1,joint|k=2|s=0.1|bw=0.0,0.9245583036303758,5
resnet_aug,1,joint|k=2|s=0.25|bw=0.0,0.9219318976347333,5
resnet_aug,1,joint|k=4|s=0.0|bw=0.0,0.9154606523656496,5
resnet_aug,1,joint|k=4|s=0.1|bw=0.0,0.9155851302957843,5
resnet_aug,1,joint|k=4|s=0.25|bw=0.0,0.9143949418395028,5
resnet_aug,1,joint|k=6|s=0.0|bw=0.0,0.8994514444289384,5
resnet_aug,1,joint|k=6|s=0.1|bw=0.0,0.8998948287422179,5
resnet_aug,1,joint|k=6|s=0.25|bw=0.0,0.8979556306366087,5
resnet_aug,1,joint|k=8|s=0.0|bw=0.0,0.8675865784420104,5
resnet_aug,1,joint|k=8|s=0.1|bw=0.0,0.86746670876556,5
resnet_aug,1,joint|k=8|s=0.25|bw=0.0,0.863245770586318,5
resnet_aug,2,missing|k=0|s=0.0|bw=0.0,0.9297348548312918,5
resnet_aug,2,missing|k=1|s=0.0|bw=0.0,0.9273841322246922,5
resnet_aug,2,missing|k=2|s=0.0|bw=0.0,0.9231396676394276,5
resnet_aug,2,missing|k=3|s=0.0|bw=0.0,0.9214125450211416,5
resnet_aug,2,missing|k=4|s=0.0|bw=0.0,0.9147592559638946,5
resnet_aug,2,missing|k=6|s=0.0|bw=0.0,0.9035534482731571,5
resnet_aug,2,missing|k=8|s=0.0|bw=0.0,0.8708572556541305,5
resnet_aug,2,missing|k=10|s=0.0|bw=0.0,0.7749712805276303,5
resnet_aug,2,missing|k=12|s=0.0|bw=0.0,0.5,5
resnet_aug,2,noise|k=0|s=0.05|bw=0.0,0.9295977605108139,5
resnet_aug,2,noise|k=0|s=0.1|bw=0.0,0.9293954686185213,5
resnet_aug,2,noise|k=0|s=0.15|bw=0.0,0.9294364678115231,5
resnet_aug,2,noise|k=0|s=0.2|bw=0.0,0.9287230910006269,5
resnet_aug,2,noise|k=0|s=0.25|bw=0.0,0.9271819408957496,5
resnet_aug,2,noise|k=0|s=0.5|bw=0.0,0.9146088678328159,5
resnet_aug,2,bw|k=0|s=0.0|bw=0.25,0.9296703466491195,5
resnet_aug,2,bw|k=0|s=0.0|bw=0.5,0.9285517439263142,5
resnet_aug,2,bw|k=0|s=0.0|bw=1.0,0.9190755477076873,5
resnet_aug,2,joint|k=0|s=0.0|bw=0.0,0.9297348548312918,5
resnet_aug,2,joint|k=0|s=0.1|bw=0.0,0.9295419356909612,5
resnet_aug,2,joint|k=0|s=0.25|bw=0.0,0.9271057007959363,5
resnet_aug,2,joint|k=2|s=0.0|bw=0.0,0.9238805374454684,5
resnet_aug,2,joint|k=2|s=0.1|bw=0.0,0.924087644774388,5
resnet_aug,2,joint|k=2|s=0.25|bw=0.0,0.9215085168058412,5
resnet_aug,2,joint|k=4|s=0.0|bw=0.0,0.9158831614702313,5
resnet_aug,2,joint|k=4|s=0.1|bw=0.0,0.9166968913471962,5
resnet_aug,2,joint|k=4|s=0.25|bw=0.0,0.9150084933528696,5
resnet_aug,2,joint|k=6|s=0.0|bw=0.0,0.9014465152889738,5
resnet_aug,2,joint|k=6|s=0.1|bw=0.0,0.9021549277596617,5
resnet_aug,2,joint|k=6|s=0.25|bw=0.0,0.8994345535105388,5
resnet_aug,2,joint|k=8|s=0.0|bw=0.0,0.8727662093447179,5
resnet_aug,2,joint|k=8|s=0.1|bw=0.0,0.8702911031700771,5
resnet_aug,2,joint|k=8|s=0.25|bw=0.0,0.86741956426665,5
resnet_clean,0,missing|k=0|s=0.0|bw=0.0,0.9287838863279555,5
resnet_clean,0,missing|k=1|s=0.0|bw=0.0,0.9173419273137562,5
resnet_clean,0,missing|k=2|s=0.0|bw=0.0,0.8987657293014057,5
resnet_clean,0,missing|k=3|s=0.0|bw=0.0,0.8814563954819535,5
resnet_clean,0,missing|k=4|s=0.0|bw=0.0,0.853509588218604,5
resnet_clean,0,missing|k=6|s=0.0|bw=0.0,0.7816303152067217,5
resnet_clean,0,missing|k=8|s=0.0|bw=0.0,0.6740915001609904,5
resnet_clean,0,missing|k=10|s=0.0|bw=0.0,0.5457031928253484,5
resnet_clean,0,missing|k=12|s=0.0|bw=0.0,0.5,5
resnet_clean,0,noise|k=0|s=0.05|bw=0.0,0.9284983161503323,5
resnet_clean,0,noise|k=0|s=0.1|bw=0.0,0.9275896927617827,5
resnet_clean,0,noise|k=0|s=0.15|bw=0.0,0.9260900930292314,5
resnet_clean,0,noise|k=0|s=0.2|bw=0.0,0.9239586605193952,5
resnet_clean,0,noise|k=0|s=0.25|bw=0.0,0.9205838240874765,5
resnet_clean,0,noise|k=0|s=0.5|bw=0.0,0.9001095319337369,5
resnet_clean,0,bw|k=0|s=0.0|bw=0.25,0.9278542226141628,5
resnet_clean,0,bw|k=0|s=0.0|bw=0.5,0.9229999318889973,5
resnet_clean,0,bw|k=0|s=0.0|bw=1.0,0.898296967205023,5
resnet_clean,0,joint|k=0|s=0.0|bw=0.0,0.9287838863279555,5
resnet_clean,0,joint|k=0|s=0.1|bw=0.0,0.9278685780639009,5
resnet_clean,0,joint|k=0|s=0.25|bw=0.0,0.9208072050338203,5
resnet_clean,0,joint|k=2|s=0.0|bw=0.0,0.8981686680865266,5
resnet_clean,0,joint|k=2|s=0.1|bw=0.0,0.8962742509136561,5
resnet_clean,0,joint|k=2|s=0.25|bw=0.0,0.8876234819995622,5
resnet_clean,0,joint|k=4|s=0.0|bw=0.0,0.8542709968277906,5
resnet_clean,0,joint|k=4|s=0.1|bw=0.0,0.851834193604892,5
resnet_clean,0,joint|k=4|s=0.25|bw=0.0,0.8411488475767923,5
resnet_clean,0,joint|k=6|s=0.0|bw=0.0,0.7851846773702584,5
resnet_clean,0,joint|k=6|s=0.1|bw=0.0,0.7806148693577699,5
resnet_clean,0,joint|k=6|s=0.25|bw=0.0,0.7589067258934004,5
resnet_clean,0,joint|k=8|s=0.0|bw=0.0,0.676312798073676,5
resnet_clean,0,joint|k=8|s=0.1|bw=0.0,0.6717904146224882,5
resnet_clean,0,joint|k=8|s=0.25|bw=0.0,0.6544503824581547,5
resnet_clean,1,missing|k=0|s=0.0|bw=0.0,0.9258135198191958,5
resnet_clean,1,missing|k=1|s=0.0|bw=0.0,0.9159701931577267,5
resnet_clean,1,missing|k=2|s=0.0|bw=0.0,0.8997011490814655,5
resnet_clean,1,missing|k=3|s=0.0|bw=0.0,0.8864940288995606,5
resnet_clean,1,missing|k=4|s=0.0|bw=0.0,0.8625626241282645,5
resnet_clean,1,missing|k=6|s=0.0|bw=0.0,0.7976596973045919,5
resnet_clean,1,missing|k=8|s=0.0|bw=0.0,0.6893806656907777,5
resnet_clean,1,missing|k=10|s=0.0|bw=0.0,0.5567822607405113,5
resnet_clean,1,missing|k=12|s=0.0|bw=0.0,0.5,5
resnet_clean,1,noise|k=0|s=0.05|bw=0.0,0.9256475182269543,5
resnet_clean,1,noise|k=0|s=0.1|bw=0.0,0.925273420879887,5
resnet_clean,1,noise|k=0|s=0.15|bw=0.0,0.9241119182719529,5
resnet_clean,1,noise|k=0|s=0.2|bw=0.0,0.9224387885813133,5
resnet_clean,1,noise|k=0|s=0.25|bw=0.0,0.9193462880589542,5
resnet_clean,1,noise|k=0|s=0.5|bw=0.0,0.9039171266256407,5
resnet_clean,1,bw|k=0|s=0.0|bw=0.25,0.9245675340573211,5
resnet_clean,1,bw|k=0|s=0.0|bw=0.5,0.9206496655154263,5
resnet_clean,1,bw|k=0|s=0.0|bw=1.0,0.9010376198444512,5
resnet_clean,1,joint|k=0|s=0.0|bw=0.0,0.9258135198191958,5
resnet_clean,1,joint|k=0|s=0.1|bw=0.0,0.925166630363907,5
resnet_clean,1,joint|k=0|s=0.25|bw=0.0,0.9197169700515608,5
resnet_clean,1,joint|k=2|s=0.0|bw=0.0,0.9011583271284792,5
resnet_clean,1,joint|k=2|s=0.1|bw=0.0,0.9010600137875941,5
resnet_clean,1,joint|k=2|s=0.25|bw=0.0,0.8929630738932242,5
resnet_clean,1,joint|k=4|s=0.0|bw=0.0,0.8598243264598624,5
resnet_clean,1,joint|k=4|s=0.1|bw=0.0,0.8600448267431167,5
resnet_clean,1,joint|k=4|s=0.25|bw=0.0,0.8527684585845744,5
resnet_clean,1,joint|k=6|s=0.0|bw=0.0,0.7974277946590597,5
resnet_clean,1,joint|k=6|s=0.1|bw=0.0,0.7931186519063658,5
resnet_clean,1,joint|k=6|s=0.25|bw=0.0,0.7829923783748531,5
resnet_clean,1,joint|k=8|s=0.0|bw=0.0,0.6966905070944514,5
resnet_clean,1,joint|k=8|s=0.1|bw=0.0,0.6890435131469255,5
resnet_clean,1,joint|k=8|s=0.25|bw=0.0,0.6806749622903154,5
resnet_clean,2,missing|k=0|s=0.0|bw=0.0,0.9277287074056566,5
resnet_clean,2,missing|k=1|s=0.0|bw=0.0,0.916824943138009,5
resnet_clean,2,missing|k=2|s=0.0|bw=0.0,0.8979028460822702,5
resnet_clean,2,missing|k=3|s=0.0|bw=0.0,0.8846173805575704,5
resnet_clean,2,missing|k=4|s=0.0|bw=0.0,0.858940575777593,5
resnet_clean,2,missing|k=6|s=0.0|bw=0.0,0.7864428692099455,5
resnet_clean,2,missing|k=8|s=0.0|bw=0.0,0.6759653503375883,5
resnet_clean,2,missing|k=10|s=0.0|bw=0.0,0.5496744496961599,5
resnet_clean,2,missing|k=12|s=0.0|bw=0.0,0.5,5
resnet_clean,2,noise|k=0|s=0.05|bw=0.0,0.9275258340453106,5
resnet_clean,2,noise|k=0|s=0.1|bw=0.0,0.9270540648299281,5
resnet_clean,2,noise|k=0|s=0.15|bw=0.0,0.9260102818678023,5
resnet_clean,2,noise|k=0|s=0.2|bw=0.0,0.9245422951821898,5
resnet_clean,2,noise|k=0|s=0.25|bw=0.0,0.9218913083205935,5
resnet_clean,2,noise|k=0|s=0.5|bw=0.0,0.9067322865060815,5
resnet_clean,2,bw|k=0|s=0.0|bw=0.25,0.9270224050894236,5
resnet_clean,2,bw|k=0|s=0.0|bw=0.5,0.9230874437373344,5
resnet_clean,2,bw|k=0|s=0.0|bw=1.0,0.9021576044501319,5
resnet_clean,2,joint|k=0|s=0.0|bw=0.0,0.9277287074056566,5
resnet_clean,2,joint|k=0|s=0.1|bw=0.0,0.9272094719990559,5
resnet_clean,2,joint|k=0|s=0.25|bw=0.0,0.9218926327892077,5
resnet_clean,2,joint|k=2|s=0.0|bw=0.0,0.9000178001487633,5
resnet_clean,2,joint|k=2|s=0.1|bw=0.0,0.8998724223377279,5
resnet_clean,2,joint|k=2|s=0.25|bw=0.0,0.8927478673179727,5
resnet_clean,2,joint|k=4|s=0.0|bw=0.0,0.8572366936801454,5
resnet_clean,2,joint|k=4|s=0.1|bw=0.0,0.8561515565446051,5
resnet_clean,2,joint|k=4|s=0.25|bw=0.0,0.8471589466085051,5
resnet_clean,2,joint|k=6|s=0.0|bw=0.0,0.785403887287735,5
resnet_clean,2,joint|k=6|s=0.1|bw=0.0,0.7828680461460378,5
resnet_clean,2,joint|k=6|s=0.25|bw=0.0,0.7722801802641238,5
resnet_clean,2,joint|k=8|s=0.0|bw=0.0,0.6748744639091365,5
resnet_clean,2,joint|k=8|s=0.1|bw=0.0,0.6718968875935515,5
resnet_clean,2,joint|k=8|s=0.25|bw=0.0,0.6624739545233476,5
tx_full,0,missing|k=0|s=0.0|bw=0.0,0.9206466283824671,5
tx_full,0,missing|k=1|s=0.0|bw=0.0,0.9184288586878386,5
tx_full,0,missing|k=2|s=0.0|bw=0.0,0.9150244333035753,5
tx_full,0,missing|k=3|s=0.0|bw=0.0,0.9121716165999301,5
tx_full,0,missing|k=4|s=0.0|bw=0.0,0.9057224366700574,5
tx_full,0,missing|k=6|s=0.0|bw=0.0,0.8963730004428925,5
tx_full,0,missing|k=8|s=0.0|bw=0.0,0.868009301134429,5
tx_full,0,missing|k=10|s=0.0|bw=0.0,0.778545430250626,5
tx_full,0,missing|k=12|s=0.0|bw=0.0,0.5,5
tx_full,0,noise|k=0|s=0.05|bw=0.0,0.9205873915786638,5
tx_full,0,noise|k=0|s=0.1|bw=0.0,0.9202787154991767,5
tx_full,0,noise|k=0|s=0.15|bw=0.0,0.9203124621198102,5
tx_full,0,noise|k=0|s=0.2|bw=0.0,0.919453711441688,5
tx_full,0,noise|k=0|s=0.25|bw=0.0,0.918312531526376,5
tx_full,0,noise|k=0|s=0.5|bw=0.0,0.908717278455111,5
tx_full,0,bw|k=0|s=0.0|bw=0.25,0.9200348676438358,5
tx_full,0,bw|k=0|s=0.0|bw=0.5,0.9179171186773687,5
tx_full,0,bw|k=0|s=0.0|bw=1.0,0.9068341642721414,5
tx_full,0,joint|k=0|s=0.0|bw=0.0,0.9206466283824671,5
tx_full,0,joint|k=0|s=0.1|bw=0.0,0.9203673569567487,5
tx_full,0,joint|k=0|s=0.25|bw=0.0,0.9185066139849847,5
tx_full,0,joint|k=2|s=0.0|bw=0.0,0.9153684305006717,5
tx_full,0,joint|k=2|s=0.1|bw=0.0,0.9154339853259739,5
tx_full,0,joint|k=2|s=0.25|bw=0.0,0.913101725984734,5
tx_full,0,joint|k=4|s=0.0|bw=0.0,0.9078862289941163,5
tx_full,0,joint|k=4|s=0.1|bw=0.0,0.9071540737902959,5
tx_full,0,joint|k=4|s=0.25|bw=0.0,0.9063865610103339,5
tx_full,0,joint|k=6|s=0.0|bw=0.0,0.8948506404903732,5
tx_full,0,joint|k=6|s=0.1|bw=0.0,0.8937385051835619,5
tx_full,0,joint|k=6|s=0.25|bw=0.0,0.8934868567844093,5
tx_full,0,joint|k=8|s=0.0|bw=0.0,0.8671135481197958,5
tx_full,0,joint|k=8|s=0.1|bw=0.0,0.8660118868793774,5
tx_full,0,joint|k=8|s=0.25|bw=0.0,0.8625663537146158,5
tx_full,1,missing|k=0|s=0.0|bw=0.0,0.9221527854740199,5
tx_full,1,missing|k=1|s=0.0|bw=0.0,0.919658593672054,5
tx_full,1,missing|k=2|s=0.0|bw=0.0,0.9163589073497752,5
tx_full,1,missing|k=3|s=0.0|bw=0.0,0.9140886968751782,5
tx_full,1,missing|k=4|s=0.0|bw=0.0,0.9080867584882988,5
tx_full,1,missing|k=6|s=0.0|bw=0.0,0.8963848837273897,5
tx_full,1,missing|k=8|s=0.0|bw=0.0,0.8618013262849639,5
tx_full,1,missing|k=10|s=0.0|bw=0.0,0.7607223414653923,5
tx_full,1,missing|k=12|s=0.0|bw=0.0,0.5,5
tx_full,1,noise|k=0|s=0.05|bw=0.0,0.9223130060881974,5
tx_full,1,noise|k=0|s=0.1|bw=0.0,0.9221450221451903,5
tx_full,1,noise|k=0|s=0.15|bw=0.0,0.9223079095775221,5
tx_full,1,noise|k=0|s=0.2|bw=0.0,0.9214863582404783,5
tx_full,1,noise|k=0|s=0.25|bw=0.0,0.9195740288459066,5
tx_full,1,noise|k=0|s=0.5|bw=0.0,0.9072451557820271,5
tx_full,1,bw|k=0|s=0.0|bw=0.25,0.9214242858714288,5
tx_full,1,bw|k=0|s=0.0|bw=0.5,0.9189468951567779,5
tx_full,1,bw|k=0|s=0.0|bw=1.0,0.9088583347123119,5
tx_full,1,joint|k=0|s=0.0|bw=0.0,0.9221527854740199,5
tx_full,1,joint|k=0|s=0.1|bw=0.0,0.9220981480031568,5
tx_full,1,joint|k=0|s=0.25|bw=0.0,0.920101492025913,5
tx_full,1,joint|k=2|s=0.0|bw=0.0,0.9172588742348126,5
tx_full,1,joint|k=2|s=0.1|bw=0.0,0.9167936723316105,5
tx_full,1,joint|k=2|s=0.25|bw=0.0,0.9148077876667786,5
tx_full,1,joint|k=4|s=0.0|bw=0.0,0.9091245712072482,5
tx_full,1,joint|k=4|s=0.1|bw=0.0,0.9083346389231265,5
tx_full,1,joint|k=4|s=0.25|bw=0.0,0.906359152320882,5
tx_full,1,joint|k=6|s=0.0|bw=0.0,0.8928097605592379,5
tx_full,1,joint|k=6|s=0.1|bw=0.0,0.8935825320335073,5
tx_full,1,joint|k=6|s=0.25|bw=0.0,0.8913137986136611,5
tx_full,1,joint|k=8|s=0.0|bw=0.0,0.8600482910289257,5
tx_full,1,joint|k=8|s=0.1|bw=0.0,0.8588301434752941,5
tx_full,1,joint|k=8|s=0.25|bw=0.0,0.8565053223947496,5
tx_full,2,missing|k=0|s=0.0|bw=0.0,0.9183152971482222,5
tx_full,2,missing|k=1|s=0.0|bw=0.0,0.917345721351866,5
tx_full,2,missing|k=2|s=0.0|bw=0.0,0.9137787184535668,5
tx_full,2,missing|k=3|s=0.0|bw=0.0,0.9128743326138938,5
tx_full,2,missing|k=4|s=0.0|bw=0.0,0.9070849922952252,5
tx_full,2,missing|k=6|s=0.0|bw=0.0,0.8962956028048114,5
tx_full,2,missing|k=8|s=0.0|bw=0.0,0.8674506214848254,5
tx_full,2,missing|k=10|s=0.0|bw=0.0,0.7858482465063747,5
tx_full,2,missing|k=12|s=0.0|bw=0.0,0.5,5
tx_full,2,noise|k=0|s=0.05|bw=0.0,0.9182674571181625,5
tx_full,2,noise|k=0|s=0.1|bw=0.0,0.9184752524045379,5
tx_full,2,noise|k=0|s=0.15|bw=0.0,0.917982929145339,5
tx_full,2,noise|k=0|s=0.2|bw=0.0,0.9177641127339669,5
tx_full,2,noise|k=0|s=0.25|bw=0.0,0.9162781399055779,5
tx_full,2,noise|k=0|s=0.5|bw=0.0,0.9051502178049043,5
tx_full,2,bw|k=0|s=0.0|bw=0.25,0.9187399585497754,5
tx_full,2,bw|k=0|s=0.0|bw=0.5,0.9163833975715147,5
tx_full,2,bw|k=0|s=0.0|bw=1.0,0.9066200399381517,5
tx_full,2,joint|k=0|s=0.0|bw=0.0,0.9183152971482222,5
tx_full,2,joint|k=0|s=0.1|bw=0.0,0.9182187754257953,5
tx_full,2,joint|k=0|s=0.25|bw=0.0,0.9162484756034692,5
tx_full,2,joint|k=2|s=0.0|bw=0.0,0.9153032007477023,5
tx_full,2,joint|k=2|s=0.1|bw=0.0,0.9139378754641134,5
tx_full,2,joint|k=2|s=0.25|bw=0.0,0.912062012284417,5
tx_full,2,joint|k=4|s=0.0|bw=0.0,0.9083503795648056,5
tx_full,2,joint|k=4|s=0.1|bw=0.0,0.9074906670171788,5
tx_full,2,joint|k=4|s=0.25|bw=0.0,0.9063389644808252,5
tx_full,2,joint|k=6|s=0.0|bw=0.0,0.8945616513779907,5
tx_full,2,joint|k=6|s=0.1|bw=0.0,0.8939340811186479,5
tx_full,2,joint|k=6|s=0.25|bw=0.0,0.8922699622456269,5
tx_full,2,joint|k=8|s=0.0|bw=0.0,0.868021615497009,5
tx_full,2,joint|k=8|s=0.1|bw=0.0,0.8679084668152409,5
tx_full,2,joint|k=8|s=0.25|bw=0.0,0.863315036742379,5
